<?xml version="1.0" encoding="UTF-8"?>
<!-- IMPORTANT: This is an internal file that has been generated
     by the Xilinx ISE software.  Any direct editing or
     changes made to this file may result in unpredictable
     behavior or data corruption.  It is strongly advised that
     users do not edit the contents of this file. -->
<DeviceUsageSummary rev="2">
<DesignStatistics TimeStamp="Sat Feb 05 20:59:56 2022"><group name="NetStatistics">
<item name="NumNets_Active" rev="2">
<attrib name="value" value="510"/></item>
<item name="NumNets_Gnd" rev="2">
<attrib name="value" value="1"/></item>
<item name="NumNets_Vcc" rev="2">
<attrib name="value" value="1"/></item>
<item name="NumNodesOfType_Active_BENTQUAD" rev="2">
<attrib name="value" value="66"/></item>
<item name="NumNodesOfType_Active_BOUNCEACROSS" rev="2">
<attrib name="value" value="89"/></item>
<item name="NumNodesOfType_Active_BOUNCEIN" rev="2">
<attrib name="value" value="77"/></item>
<item name="NumNodesOfType_Active_BUFGROUT" rev="2">
<attrib name="value" value="2"/></item>
<item name="NumNodesOfType_Active_BUFINP2OUT" rev="2">
<attrib name="value" value="4"/></item>
<item name="NumNodesOfType_Active_CLKPIN" rev="2">
<attrib name="value" value="151"/></item>
<item name="NumNodesOfType_Active_CNTRLPIN" rev="2">
<attrib name="value" value="152"/></item>
<item name="NumNodesOfType_Active_DOUBLE" rev="2">
<attrib name="value" value="422"/></item>
<item name="NumNodesOfType_Active_GENERIC" rev="2">
<attrib name="value" value="4"/></item>
<item name="NumNodesOfType_Active_GLOBAL" rev="2">
<attrib name="value" value="59"/></item>
<item name="NumNodesOfType_Active_HLONG" rev="2">
<attrib name="value" value="5"/></item>
<item name="NumNodesOfType_Active_HQUAD" rev="2">
<attrib name="value" value="81"/></item>
<item name="NumNodesOfType_Active_INPUT" rev="2">
<attrib name="value" value="109"/></item>
<item name="NumNodesOfType_Active_IOBIN2OUT" rev="2">
<attrib name="value" value="9"/></item>
<item name="NumNodesOfType_Active_IOBOUTPUT" rev="2">
<attrib name="value" value="9"/></item>
<item name="NumNodesOfType_Active_LUTINPUT" rev="2">
<attrib name="value" value="747"/></item>
<item name="NumNodesOfType_Active_OUTBOUND" rev="2">
<attrib name="value" value="496"/></item>
<item name="NumNodesOfType_Active_OUTPUT" rev="2">
<attrib name="value" value="516"/></item>
<item name="NumNodesOfType_Active_PADINPUT" rev="2">
<attrib name="value" value="8"/></item>
<item name="NumNodesOfType_Active_PADOUTPUT" rev="2">
<attrib name="value" value="1"/></item>
<item name="NumNodesOfType_Active_PINBOUNCE" rev="2">
<attrib name="value" value="401"/></item>
<item name="NumNodesOfType_Active_PINFEED" rev="2">
<attrib name="value" value="1359"/></item>
<item name="NumNodesOfType_Active_REGINPUT" rev="2">
<attrib name="value" value="172"/></item>
<item name="NumNodesOfType_Active_SINGLE" rev="2">
<attrib name="value" value="764"/></item>
<item name="NumNodesOfType_Active_VLONG" rev="2">
<attrib name="value" value="4"/></item>
<item name="NumNodesOfType_Active_VQUAD" rev="2">
<attrib name="value" value="97"/></item>
<item name="NumNodesOfType_Vcc_BOUNCEIN" rev="2">
<attrib name="value" value="102"/></item>
<item name="NumNodesOfType_Vcc_CLKPIN" rev="2">
<attrib name="value" value="2"/></item>
<item name="NumNodesOfType_Vcc_CNTRLPIN" rev="2">
<attrib name="value" value="1"/></item>
<item name="NumNodesOfType_Vcc_HVCCOUT" rev="2">
<attrib name="value" value="247"/></item>
<item name="NumNodesOfType_Vcc_INPUT" rev="2">
<attrib name="value" value="554"/></item>
<item name="NumNodesOfType_Vcc_LUTINPUT" rev="2">
<attrib name="value" value="210"/></item>
<item name="NumNodesOfType_Vcc_PINBOUNCE" rev="2">
<attrib name="value" value="120"/></item>
<item name="NumNodesOfType_Vcc_PINFEED" rev="2">
<attrib name="value" value="1164"/></item>
<item name="NumNodesOfType_Vcc_REGINPUT" rev="2">
<attrib name="value" value="17"/></item>
</group>
<group name="MiscellaneousStatistics">
<item name="AGG_BONDED_IO" rev="1">
<attrib name="value" value="9"/></item>
<item name="AGG_IO" rev="1">
<attrib name="value" value="9"/></item>
<item name="AGG_LOCED_IO" rev="1">
<attrib name="value" value="9"/></item>
<item name="AGG_SLICE" rev="1">
<attrib name="value" value="163"/></item>
<item name="NUM_BONDED_IOB" rev="1">
<attrib name="value" value="9"/></item>
<item name="NUM_BSCAN" rev="1">
<attrib name="value" value="1"/></item>
<item name="NUM_BSFULL" rev="1">
<attrib name="value" value="172"/></item>
<item name="NUM_BSLUTONLY" rev="1">
<attrib name="value" value="96"/></item>
<item name="NUM_BSREGONLY" rev="1">
<attrib name="value" value="126"/></item>
<item name="NUM_BSUSED" rev="1">
<attrib name="value" value="394"/></item>
<item name="NUM_BUFG" rev="1">
<attrib name="value" value="2"/></item>
<item name="NUM_LOCED_IOB" rev="1">
<attrib name="value" value="9"/></item>
<item name="NUM_LOGIC_O5ANDO6" rev="1">
<attrib name="value" value="34"/></item>
<item name="NUM_LOGIC_O5ONLY" rev="1">
<attrib name="value" value="73"/></item>
<item name="NUM_LOGIC_O6ONLY" rev="1">
<attrib name="value" value="92"/></item>
<item name="NUM_LUT_RT_DRIVES_CARRY4" rev="1">
<attrib name="value" value="8"/></item>
<item name="NUM_LUT_RT_DRIVES_FLOP" rev="1">
<attrib name="value" value="20"/></item>
<item name="NUM_LUT_RT_EXO5" rev="1">
<attrib name="value" value="20"/></item>
<item name="NUM_LUT_RT_EXO6" rev="1">
<attrib name="value" value="8"/></item>
<item name="NUM_LUT_RT_O5" rev="1">
<attrib name="value" value="1"/></item>
<item name="NUM_LUT_RT_O6" rev="1">
<attrib name="value" value="73"/></item>
<item name="NUM_RAMB18E1" rev="1">
<attrib name="value" value="1"/></item>
<item name="NUM_RPM" rev="1">
<attrib name="value" value="4"/></item>
<item name="NUM_SLICEL" rev="1">
<attrib name="value" value="149"/></item>
<item name="NUM_SLICEM" rev="1">
<attrib name="value" value="14"/></item>
<item name="NUM_SLICE_CARRY4" rev="1">
<attrib name="value" value="33"/></item>
<item name="NUM_SLICE_CONTROLSET" rev="1">
<attrib name="value" value="76"/></item>
<item name="NUM_SLICE_CYINIT" rev="1">
<attrib name="value" value="394"/></item>
<item name="NUM_SLICE_F7MUX" rev="1">
<attrib name="value" value="7"/></item>
<item name="NUM_SLICE_F8MUX" rev="1">
<attrib name="value" value="2"/></item>
<item name="NUM_SLICE_FF" rev="1">
<attrib name="value" value="349"/></item>
<item name="NUM_SLICE_LATCH" rev="1">
<attrib name="value" value="1"/></item>
<item name="NUM_SLICE_UNUSEDCTRL" rev="1">
<attrib name="value" value="16"/></item>
<item name="NUM_SRL_O5ANDO6" rev="1">
<attrib name="value" value="5"/></item>
<item name="NUM_SRL_O6ONLY" rev="1">
<attrib name="value" value="36"/></item>
<item name="NUM_STARTUP" rev="1">
<attrib name="value" value="1"/></item>
<item name="NUM_UNUSABLE_FF_BELS" rev="1">
<attrib name="value" value="420"/></item>
<item name="Xilinx Core chipscope_icon_v1_06_a, Xilinx CORE Generator 14.7" rev="1">
<attrib name="value" value="1"/></item>
<item name="Xilinx Core chipscope_ila_v1_05_a, Xilinx CORE Generator 14.7" rev="1">
<attrib name="value" value="1"/></item>
<item name="Xilinx Core chipscope_vio_v1_05_a, Xilinx CORE Generator 14.7" rev="1">
<attrib name="value" value="1"/></item>
</group>
<group name="SiteStatistics">
<item name="BUFG-BUFGCTRL" rev="2">
<attrib name="value" value="2"/></item>
<item name="IOB-IOBM" rev="2">
<attrib name="value" value="5"/></item>
<item name="IOB-IOBS" rev="2">
<attrib name="value" value="4"/></item>
<item name="SLICEL-SLICEM" rev="2">
<attrib name="value" value="41"/></item>
</group>
</DesignStatistics>
<DeviceUsage TimeStamp="Sat Feb 05 20:59:56 2022"><group name="SiteSummary">
<item name="BSCAN" rev="2">
<attrib name="total" value="1000000"/><attrib name="used" value="1"/></item>
<item name="BSCAN_BSCAN" rev="2">
<attrib name="total" value="1000000"/><attrib name="used" value="1"/></item>
<item name="BUFG" rev="2">
<attrib name="total" value="1000000"/><attrib name="used" value="2"/></item>
<item name="BUFG_BUFG" rev="2">
<attrib name="total" value="1000000"/><attrib name="used" value="2"/></item>
<item name="CARRY4" rev="2">
<attrib name="total" value="1000000"/><attrib name="used" value="33"/></item>
<item name="FF_INIT" rev="2">
<attrib name="total" value="1000000"/><attrib name="used" value="52"/></item>
<item name="GTXE1" rev="2">
<attrib name="total" value="1000000"/><attrib name="used" value="20"/></item>
<item name="GTXE1_GTXE1" rev="2">
<attrib name="total" value="1000000"/><attrib name="used" value="20"/></item>
<item name="HARD0" rev="2">
<attrib name="total" value="1000000"/><attrib name="used" value="1"/></item>
<item name="HARD1" rev="2">
<attrib name="total" value="1000000"/><attrib name="used" value="12"/></item>
<item name="IOB" rev="2">
<attrib name="total" value="1000000"/><attrib name="used" value="9"/></item>
<item name="IOB_INBUF" rev="2">
<attrib name="total" value="1000000"/><attrib name="used" value="1"/></item>
<item name="IOB_OUTBUF" rev="2">
<attrib name="total" value="1000000"/><attrib name="used" value="8"/></item>
<item name="LUT5" rev="2">
<attrib name="total" value="1000000"/><attrib name="used" value="128"/></item>
<item name="LUT6" rev="2">
<attrib name="total" value="1000000"/><attrib name="used" value="207"/></item>
<item name="LUT_OR_MEM5" rev="2">
<attrib name="total" value="1000000"/><attrib name="used" value="5"/></item>
<item name="LUT_OR_MEM6" rev="2">
<attrib name="total" value="1000000"/><attrib name="used" value="41"/></item>
<item name="PAD" rev="2">
<attrib name="total" value="1000000"/><attrib name="used" value="9"/></item>
<item name="RAMB18E1" rev="2">
<attrib name="total" value="1000000"/><attrib name="used" value="1"/></item>
<item name="RAMB18E1_RAMB18E1" rev="2">
<attrib name="total" value="1000000"/><attrib name="used" value="1"/></item>
<item name="REG_INIT" rev="2">
<attrib name="total" value="1000000"/><attrib name="used" value="298"/></item>
<item name="SELMUX2_1" rev="2">
<attrib name="total" value="1000000"/><attrib name="used" value="9"/></item>
<item name="SLICEL" rev="2">
<attrib name="total" value="1000000"/><attrib name="used" value="149"/></item>
<item name="SLICEM" rev="2">
<attrib name="total" value="1000000"/><attrib name="used" value="14"/></item>
<item name="STARTUP" rev="2">
<attrib name="total" value="1000000"/><attrib name="used" value="1"/></item>
<item name="STARTUP_STARTUP" rev="2">
<attrib name="total" value="1000000"/><attrib name="used" value="1"/></item>
</group>
</DeviceUsage>
<ReportConfigData TimeStamp="Sat Feb 05 20:59:56 2022"><group name="STARTUP_STARTUP">
<item name="PROG_USR" rev="2">
<attrib name="FALSE" value="1"/></item>
</group>
<group name="LUT_OR_MEM5">
<item name="CLK" rev="2">
<attrib name="CLK" value="5"/><attrib name="CLK_INV" value="0"/></item>
<item name="LUT_OR_MEM" rev="2">
<attrib name="RAM" value="5"/></item>
<item name="RAMMODE" rev="2">
<attrib name="SRL16" value="5"/></item>
</group>
<group name="LUT_OR_MEM6">
<item name="CLK" rev="2">
<attrib name="CLK" value="41"/><attrib name="CLK_INV" value="0"/></item>
<item name="LUT_OR_MEM" rev="2">
<attrib name="RAM" value="41"/></item>
<item name="RAMMODE" rev="2">
<attrib name="SRL16" value="8"/><attrib name="SRL32" value="33"/></item>
</group>
<group name="REG_INIT">
<item name="CK" rev="2">
<attrib name="CK" value="291"/><attrib name="CK_INV" value="7"/></item>
<item name="FFINIT" rev="2">
<attrib name="INIT0" value="269"/><attrib name="INIT1" value="29"/></item>
<item name="FFSR" rev="2">
<attrib name="SRLOW" value="274"/><attrib name="SRHIGH" value="24"/></item>
<item name="LATCH_OR_FF" rev="2">
<attrib name="FF" value="297"/><attrib name="LATCH" value="1"/></item>
<item name="SYNC_ATTR" rev="2">
<attrib name="ASYNC" value="142"/><attrib name="SYNC" value="156"/></item>
</group>
<group name="SLICEL">
<item name="CLK" rev="2">
<attrib name="CLK" value="126"/><attrib name="CLK_INV" value="7"/></item>
</group>
<group name="SLICEM">
<item name="CLK" rev="2">
<attrib name="CLK" value="14"/><attrib name="CLK_INV" value="0"/></item>
</group>
<group name="RAMB18E1_RAMB18E1">
<item name="CLKARDCLK" rev="2">
<attrib name="CLKARDCLK_INV" value="0"/><attrib name="CLKARDCLK" value="1"/></item>
<item name="CLKBWRCLK" rev="2">
<attrib name="CLKBWRCLK" value="1"/><attrib name="CLKBWRCLK_INV" value="0"/></item>
<item name="DOA_REG" rev="2">
<attrib name="0" value="1"/></item>
<item name="DOB_REG" rev="2">
<attrib name="0" value="1"/></item>
<item name="ENARDEN" rev="2">
<attrib name="ENARDEN_INV" value="0"/><attrib name="ENARDEN" value="1"/></item>
<item name="ENBWREN" rev="2">
<attrib name="ENBWREN_INV" value="0"/><attrib name="ENBWREN" value="1"/></item>
<item name="RAM_MODE" rev="2">
<attrib name="TDP" value="1"/></item>
<item name="RDADDR_COLLISION_HWCONFIG" rev="2">
<attrib name="DELAYED_WRITE" value="1"/></item>
<item name="READ_WIDTH_A" rev="2">
<attrib name="9" value="1"/></item>
<item name="READ_WIDTH_B" rev="2">
<attrib name="18" value="1"/></item>
<item name="REGCLKARDRCLK" rev="2">
<attrib name="REGCLKARDRCLK" value="0"/><attrib name="REGCLKARDRCLK_INV" value="1"/></item>
<item name="REGCLKB" rev="2">
<attrib name="REGCLKB_INV" value="1"/><attrib name="REGCLKB" value="0"/></item>
<item name="RSTRAMARSTRAM" rev="2">
<attrib name="RSTRAMARSTRAM_INV" value="0"/><attrib name="RSTRAMARSTRAM" value="1"/></item>
<item name="RSTRAMB" rev="2">
<attrib name="RSTRAMB" value="1"/><attrib name="RSTRAMB_INV" value="0"/></item>
<item name="RSTREGARSTREG" rev="2">
<attrib name="RSTREGARSTREG_INV" value="0"/><attrib name="RSTREGARSTREG" value="1"/></item>
<item name="RSTREGB" rev="2">
<attrib name="RSTREGB_INV" value="0"/><attrib name="RSTREGB" value="1"/></item>
<item name="RSTREG_PRIORITY_A" rev="2">
<attrib name="REGCE" value="1"/></item>
<item name="RSTREG_PRIORITY_B" rev="2">
<attrib name="REGCE" value="1"/></item>
<item name="SAVEDATA" rev="2">
<attrib name="FALSE" value="1"/></item>
<item name="WRITE_MODE_A" rev="2">
<attrib name="WRITE_FIRST" value="1"/></item>
<item name="WRITE_MODE_B" rev="2">
<attrib name="WRITE_FIRST" value="1"/></item>
<item name="WRITE_WIDTH_A" rev="2">
<attrib name="9" value="1"/></item>
<item name="WRITE_WIDTH_B" rev="2">
<attrib name="18" value="1"/></item>
</group>
<group name="BSCAN_BSCAN">
<item name="DISABLE_JTAG" rev="2">
<attrib name="FALSE" value="1"/></item>
<item name="JTAG_CHAIN" rev="2">
<attrib name="1" value="1"/></item>
</group>
<group name="IOB_INBUF">
<item name="IBUF_LOW_PWR" rev="2">
<attrib name="TRUE" value="1"/></item>
</group>
<group name="SELMUX2_1">
<item name="0" rev="2">
<attrib name="0" value="9"/><attrib name="0_INV" value="0"/></item>
</group>
<group name="GTXE1">
<item name="DCLK" rev="2">
<attrib name="DCLK_INV" value="20"/><attrib name="DCLK" value="0"/></item>
<item name="RXUSRCLK" rev="2">
<attrib name="RXUSRCLK" value="0"/><attrib name="RXUSRCLK_INV" value="20"/></item>
<item name="RXUSRCLK2" rev="2">
<attrib name="RXUSRCLK2_INV" value="20"/><attrib name="RXUSRCLK2" value="0"/></item>
<item name="TSTCLK0" rev="2">
<attrib name="TSTCLK0" value="0"/><attrib name="TSTCLK0_INV" value="20"/></item>
<item name="TSTCLK1" rev="2">
<attrib name="TSTCLK1_INV" value="20"/><attrib name="TSTCLK1" value="0"/></item>
<item name="TXUSRCLK" rev="2">
<attrib name="TXUSRCLK" value="0"/><attrib name="TXUSRCLK_INV" value="20"/></item>
<item name="TXUSRCLK2" rev="2">
<attrib name="TXUSRCLK2" value="0"/><attrib name="TXUSRCLK2_INV" value="20"/></item>
</group>
<group name="RAMB18E1">
<item name="CLKARDCLK" rev="2">
<attrib name="CLKARDCLK_INV" value="0"/><attrib name="CLKARDCLK" value="1"/></item>
<item name="CLKBWRCLK" rev="2">
<attrib name="CLKBWRCLK" value="1"/><attrib name="CLKBWRCLK_INV" value="0"/></item>
<item name="ENARDEN" rev="2">
<attrib name="ENARDEN_INV" value="0"/><attrib name="ENARDEN" value="1"/></item>
<item name="ENBWREN" rev="2">
<attrib name="ENBWREN_INV" value="0"/><attrib name="ENBWREN" value="1"/></item>
<item name="REGCLKARDRCLK" rev="2">
<attrib name="REGCLKARDRCLK" value="0"/><attrib name="REGCLKARDRCLK_INV" value="1"/></item>
<item name="REGCLKB" rev="2">
<attrib name="REGCLKB_INV" value="1"/><attrib name="REGCLKB" value="0"/></item>
<item name="RSTRAMARSTRAM" rev="2">
<attrib name="RSTRAMARSTRAM_INV" value="0"/><attrib name="RSTRAMARSTRAM" value="1"/></item>
<item name="RSTRAMB" rev="2">
<attrib name="RSTRAMB" value="1"/><attrib name="RSTRAMB_INV" value="0"/></item>
<item name="RSTREGARSTREG" rev="2">
<attrib name="RSTREGARSTREG_INV" value="0"/><attrib name="RSTREGARSTREG" value="1"/></item>
<item name="RSTREGB" rev="2">
<attrib name="RSTREGB_INV" value="0"/><attrib name="RSTREGB" value="1"/></item>
</group>
<group name="GTXE1_GTXE1">
<item name="AC_CAP_DIS" rev="2">
<attrib name="TRUE" value="20"/></item>
<item name="ALIGN_COMMA_WORD" rev="2">
<attrib name="1" value="20"/></item>
<item name="CHAN_BOND_1_MAX_SKEW" rev="2">
<attrib name="7" value="20"/></item>
<item name="CHAN_BOND_2_MAX_SKEW" rev="2">
<attrib name="1" value="20"/></item>
<item name="CHAN_BOND_KEEP_ALIGN" rev="2">
<attrib name="FALSE" value="20"/></item>
<item name="CHAN_BOND_SEQ_2_USE" rev="2">
<attrib name="FALSE" value="20"/></item>
<item name="CHAN_BOND_SEQ_LEN" rev="2">
<attrib name="1" value="20"/></item>
<item name="CLK_CORRECT_USE" rev="2">
<attrib name="TRUE" value="20"/></item>
<item name="CLK_COR_ADJ_LEN" rev="2">
<attrib name="1" value="20"/></item>
<item name="CLK_COR_DET_LEN" rev="2">
<attrib name="1" value="20"/></item>
<item name="CLK_COR_INSERT_IDLE_FLAG" rev="2">
<attrib name="FALSE" value="20"/></item>
<item name="CLK_COR_KEEP_IDLE" rev="2">
<attrib name="FALSE" value="20"/></item>
<item name="CLK_COR_MAX_LAT" rev="2">
<attrib name="20" value="20"/></item>
<item name="CLK_COR_MIN_LAT" rev="2">
<attrib name="18" value="20"/></item>
<item name="CLK_COR_PRECEDENCE" rev="2">
<attrib name="TRUE" value="20"/></item>
<item name="CLK_COR_REPEAT_WAIT" rev="2">
<attrib name="0" value="20"/></item>
<item name="CLK_COR_SEQ_2_USE" rev="2">
<attrib name="FALSE" value="20"/></item>
<item name="COMMA_DOUBLE" rev="2">
<attrib name="FALSE" value="20"/></item>
<item name="DCLK" rev="2">
<attrib name="DCLK_INV" value="20"/><attrib name="DCLK" value="0"/></item>
<item name="DEC_MCOMMA_DETECT" rev="2">
<attrib name="TRUE" value="20"/></item>
<item name="DEC_PCOMMA_DETECT" rev="2">
<attrib name="TRUE" value="20"/></item>
<item name="DEC_VALID_COMMA_ONLY" rev="2">
<attrib name="TRUE" value="20"/></item>
<item name="DFE_DRP_EN" rev="2">
<attrib name="FALSE" value="20"/></item>
<item name="GEN_RXUSRCLK" rev="2">
<attrib name="TRUE" value="20"/></item>
<item name="GEN_TXUSRCLK" rev="2">
<attrib name="TRUE" value="20"/></item>
<item name="GTX_CFG_PWRUP" rev="2">
<attrib name="FALSE" value="20"/></item>
<item name="LOOPBACK_DRP_EN" rev="2">
<attrib name="FALSE" value="20"/></item>
<item name="MASTER_DRP_EN" rev="2">
<attrib name="FALSE" value="20"/></item>
<item name="MCOMMA_DETECT" rev="2">
<attrib name="TRUE" value="20"/></item>
<item name="PCI_EXPRESS_MODE" rev="2">
<attrib name="FALSE" value="20"/></item>
<item name="PCOMMA_DETECT" rev="2">
<attrib name="TRUE" value="20"/></item>
<item name="PDELIDLE_DRP_EN" rev="2">
<attrib name="FALSE" value="20"/></item>
<item name="PHASEALIGN_DRP_EN" rev="2">
<attrib name="FALSE" value="20"/></item>
<item name="PLL_DRP_EN" rev="2">
<attrib name="FALSE" value="20"/></item>
<item name="PMA_CAS_CLK_EN" rev="2">
<attrib name="FALSE" value="20"/></item>
<item name="POLARITY_DRP_EN" rev="2">
<attrib name="FALSE" value="20"/></item>
<item name="PRBS_DRP_EN" rev="2">
<attrib name="FALSE" value="20"/></item>
<item name="RCV_TERM_GND" rev="2">
<attrib name="FALSE" value="20"/></item>
<item name="RCV_TERM_VTTRX" rev="2">
<attrib name="FALSE" value="20"/></item>
<item name="RESET_DRP_EN" rev="2">
<attrib name="FALSE" value="20"/></item>
<item name="RXBUF_OVFL_THRESH" rev="2">
<attrib name="61" value="20"/></item>
<item name="RXBUF_OVRD_THRESH" rev="2">
<attrib name="FALSE" value="20"/></item>
<item name="RXBUF_UDFL_THRESH" rev="2">
<attrib name="4" value="20"/></item>
<item name="RXGEARBOX_USE" rev="2">
<attrib name="FALSE" value="20"/></item>
<item name="RXPLL_DIVSEL45_FB" rev="2">
<attrib name="5" value="20"/></item>
<item name="RXPLL_DIVSEL_FB" rev="2">
<attrib name="2" value="20"/></item>
<item name="RXPLL_DIVSEL_OUT" rev="2">
<attrib name="1" value="20"/></item>
<item name="RXPLL_DIVSEL_REF" rev="2">
<attrib name="1" value="20"/></item>
<item name="RXPLL_STARTUP_EN" rev="2">
<attrib name="TRUE" value="20"/></item>
<item name="RXRECCLK_CTRL" rev="2">
<attrib name="CLKTESTSIG1" value="20"/></item>
<item name="RXUSRCLK" rev="2">
<attrib name="RXUSRCLK" value="0"/><attrib name="RXUSRCLK_INV" value="20"/></item>
<item name="RXUSRCLK2" rev="2">
<attrib name="RXUSRCLK2_INV" value="20"/><attrib name="RXUSRCLK2" value="0"/></item>
<item name="RX_BUFFER_USE" rev="2">
<attrib name="TRUE" value="20"/></item>
<item name="RX_CDR_FORCE_ROTATE" rev="2">
<attrib name="FALSE" value="20"/></item>
<item name="RX_CLK25_DIVIDER" rev="2">
<attrib name="6" value="20"/></item>
<item name="RX_DATA_WIDTH" rev="2">
<attrib name="20" value="20"/></item>
<item name="RX_DECODE_SEQ_MATCH" rev="2">
<attrib name="TRUE" value="20"/></item>
<item name="RX_EN_IDLE_HOLD_CDR" rev="2">
<attrib name="FALSE" value="20"/></item>
<item name="RX_EN_IDLE_HOLD_DFE" rev="2">
<attrib name="TRUE" value="20"/></item>
<item name="RX_EN_IDLE_RESET_BUF" rev="2">
<attrib name="TRUE" value="20"/></item>
<item name="RX_EN_IDLE_RESET_FR" rev="2">
<attrib name="TRUE" value="20"/></item>
<item name="RX_EN_IDLE_RESET_PH" rev="2">
<attrib name="TRUE" value="20"/></item>
<item name="RX_EN_MODE_RESET_BUF" rev="2">
<attrib name="TRUE" value="20"/></item>
<item name="RX_EN_RATE_RESET_BUF" rev="2">
<attrib name="TRUE" value="20"/></item>
<item name="RX_EN_REALIGN_RESET_BUF" rev="2">
<attrib name="FALSE" value="20"/></item>
<item name="RX_EN_REALIGN_RESET_BUF2" rev="2">
<attrib name="FALSE" value="20"/></item>
<item name="RX_FIFO_ADDR_MODE" rev="2">
<attrib name="FULL" value="20"/></item>
<item name="RX_LOSS_OF_SYNC_FSM" rev="2">
<attrib name="FALSE" value="20"/></item>
<item name="RX_LOS_INVALID_INCR" rev="2">
<attrib name="1" value="20"/></item>
<item name="RX_LOS_THRESHOLD" rev="2">
<attrib name="4" value="20"/></item>
<item name="RX_OVERSAMPLE_MODE" rev="2">
<attrib name="FALSE" value="20"/></item>
<item name="RX_SLIDE_AUTO_WAIT" rev="2">
<attrib name="5" value="20"/></item>
<item name="RX_SLIDE_MODE" rev="2">
<attrib name="OFF" value="20"/></item>
<item name="RX_XCLK_SEL" rev="2">
<attrib name="RXREC" value="20"/></item>
<item name="SAS_MAX_COMSAS" rev="2">
<attrib name="52" value="20"/></item>
<item name="SAS_MIN_COMSAS" rev="2">
<attrib name="40" value="20"/></item>
<item name="SATA_MAX_BURST" rev="2">
<attrib name="7" value="20"/></item>
<item name="SATA_MAX_INIT" rev="2">
<attrib name="22" value="20"/></item>
<item name="SATA_MAX_WAKE" rev="2">
<attrib name="7" value="20"/></item>
<item name="SATA_MIN_BURST" rev="2">
<attrib name="4" value="20"/></item>
<item name="SATA_MIN_INIT" rev="2">
<attrib name="12" value="20"/></item>
<item name="SATA_MIN_WAKE" rev="2">
<attrib name="4" value="20"/></item>
<item name="SHOW_REALIGN_COMMA" rev="2">
<attrib name="TRUE" value="20"/></item>
<item name="TERMINATION_OVRD" rev="2">
<attrib name="FALSE" value="20"/></item>
<item name="TSTCLK0" rev="2">
<attrib name="TSTCLK0" value="0"/><attrib name="TSTCLK0_INV" value="20"/></item>
<item name="TSTCLK1" rev="2">
<attrib name="TSTCLK1_INV" value="20"/><attrib name="TSTCLK1" value="0"/></item>
<item name="TXDRIVE_DRP_EN" rev="2">
<attrib name="FALSE" value="20"/></item>
<item name="TXDRIVE_LOOPBACK_HIZ" rev="2">
<attrib name="FALSE" value="20"/></item>
<item name="TXDRIVE_LOOPBACK_PD" rev="2">
<attrib name="FALSE" value="20"/></item>
<item name="TXGEARBOX_USE" rev="2">
<attrib name="FALSE" value="20"/></item>
<item name="TXOUTCLKPCS_SEL" rev="2">
<attrib name="0" value="20"/></item>
<item name="TXOUTCLK_CTRL" rev="2">
<attrib name="CLKTESTSIG0" value="20"/></item>
<item name="TXPLL_DIVSEL45_FB" rev="2">
<attrib name="5" value="20"/></item>
<item name="TXPLL_DIVSEL_FB" rev="2">
<attrib name="2" value="20"/></item>
<item name="TXPLL_DIVSEL_OUT" rev="2">
<attrib name="1" value="20"/></item>
<item name="TXPLL_DIVSEL_REF" rev="2">
<attrib name="1" value="20"/></item>
<item name="TXPLL_STARTUP_EN" rev="2">
<attrib name="TRUE" value="20"/></item>
<item name="TXUSRCLK" rev="2">
<attrib name="TXUSRCLK" value="0"/><attrib name="TXUSRCLK_INV" value="20"/></item>
<item name="TXUSRCLK2" rev="2">
<attrib name="TXUSRCLK2" value="0"/><attrib name="TXUSRCLK2_INV" value="20"/></item>
<item name="TX_BUFFER_USE" rev="2">
<attrib name="TRUE" value="20"/></item>
<item name="TX_CLK25_DIVIDER" rev="2">
<attrib name="6" value="20"/></item>
<item name="TX_CLK_SOURCE" rev="2">
<attrib name="RXPLL" value="20"/></item>
<item name="TX_DATA_WIDTH" rev="2">
<attrib name="20" value="20"/></item>
<item name="TX_DRIVE_MODE" rev="2">
<attrib name="DIRECT" value="20"/></item>
<item name="TX_EN_RATE_RESET_BUF" rev="2">
<attrib name="TRUE" value="20"/></item>
<item name="TX_OVERSAMPLE_MODE" rev="2">
<attrib name="FALSE" value="20"/></item>
<item name="TX_XCLK_SEL" rev="2">
<attrib name="TXUSR" value="20"/></item>
</group>
<group name="FF_INIT">
<item name="CK" rev="2">
<attrib name="CK" value="50"/><attrib name="CK_INV" value="2"/></item>
<item name="FFINIT" rev="2">
<attrib name="INIT0" value="44"/><attrib name="INIT1" value="8"/></item>
<item name="FFSR" rev="2">
<attrib name="SRLOW" value="48"/><attrib name="SRHIGH" value="4"/></item>
<item name="SYNC_ATTR" rev="2">
<attrib name="ASYNC" value="37"/><attrib name="SYNC" value="15"/></item>
</group>
</ReportConfigData>
<ReportPinData TimeStamp="Sat Feb 05 20:59:56 2022"><group name="STARTUP_STARTUP">
<item name="CFGMCLK" rev="2">
<attrib name="value" value="1"/></item>
<item name="CLK" rev="2">
<attrib name="value" value="1"/></item>
<item name="GSR" rev="2">
<attrib name="value" value="1"/></item>
<item name="GTS" rev="2">
<attrib name="value" value="1"/></item>
<item name="KEYCLEARB" rev="2">
<attrib name="value" value="1"/></item>
<item name="PACK" rev="2">
<attrib name="value" value="1"/></item>
<item name="USRCCLKO" rev="2">
<attrib name="value" value="1"/></item>
<item name="USRCCLKTS" rev="2">
<attrib name="value" value="1"/></item>
<item name="USRDONEO" rev="2">
<attrib name="value" value="1"/></item>
<item name="USRDONETS" rev="2">
<attrib name="value" value="1"/></item>
</group>
<group name="LUT_OR_MEM5">
<item name="A1" rev="2">
<attrib name="value" value="5"/></item>
<item name="A2" rev="2">
<attrib name="value" value="5"/></item>
<item name="A3" rev="2">
<attrib name="value" value="5"/></item>
<item name="A4" rev="2">
<attrib name="value" value="5"/></item>
<item name="A5" rev="2">
<attrib name="value" value="5"/></item>
<item name="CLK" rev="2">
<attrib name="value" value="5"/></item>
<item name="DI1" rev="2">
<attrib name="value" value="5"/></item>
<item name="O5" rev="2">
<attrib name="value" value="5"/></item>
<item name="WE" rev="2">
<attrib name="value" value="5"/></item>
</group>
<group name="LUT_OR_MEM6">
<item name="A1" rev="2">
<attrib name="value" value="41"/></item>
<item name="A2" rev="2">
<attrib name="value" value="41"/></item>
<item name="A3" rev="2">
<attrib name="value" value="41"/></item>
<item name="A4" rev="2">
<attrib name="value" value="41"/></item>
<item name="A5" rev="2">
<attrib name="value" value="41"/></item>
<item name="A6" rev="2">
<attrib name="value" value="41"/></item>
<item name="CLK" rev="2">
<attrib name="value" value="41"/></item>
<item name="DI1" rev="2">
<attrib name="value" value="33"/></item>
<item name="DI2" rev="2">
<attrib name="value" value="8"/></item>
<item name="MC31" rev="2">
<attrib name="value" value="34"/></item>
<item name="O6" rev="2">
<attrib name="value" value="41"/></item>
<item name="WE" rev="2">
<attrib name="value" value="41"/></item>
</group>
<group name="REG_INIT">
<item name="CE" rev="2">
<attrib name="value" value="119"/></item>
<item name="CK" rev="2">
<attrib name="value" value="298"/></item>
<item name="D" rev="2">
<attrib name="value" value="298"/></item>
<item name="Q" rev="2">
<attrib name="value" value="298"/></item>
<item name="SR" rev="2">
<attrib name="value" value="207"/></item>
</group>
<group name="SLICEL">
<item name="A" rev="2">
<attrib name="value" value="27"/></item>
<item name="A1" rev="2">
<attrib name="value" value="14"/></item>
<item name="A2" rev="2">
<attrib name="value" value="22"/></item>
<item name="A3" rev="2">
<attrib name="value" value="32"/></item>
<item name="A4" rev="2">
<attrib name="value" value="63"/></item>
<item name="A5" rev="2">
<attrib name="value" value="46"/></item>
<item name="A6" rev="2">
<attrib name="value" value="66"/></item>
<item name="AMUX" rev="2">
<attrib name="value" value="22"/></item>
<item name="AQ" rev="2">
<attrib name="value" value="118"/></item>
<item name="AX" rev="2">
<attrib name="value" value="77"/></item>
<item name="B" rev="2">
<attrib name="value" value="24"/></item>
<item name="B1" rev="2">
<attrib name="value" value="12"/></item>
<item name="B2" rev="2">
<attrib name="value" value="14"/></item>
<item name="B3" rev="2">
<attrib name="value" value="22"/></item>
<item name="B4" rev="2">
<attrib name="value" value="52"/></item>
<item name="B5" rev="2">
<attrib name="value" value="38"/></item>
<item name="B6" rev="2">
<attrib name="value" value="51"/></item>
<item name="BMUX" rev="2">
<attrib name="value" value="15"/></item>
<item name="BQ" rev="2">
<attrib name="value" value="69"/></item>
<item name="BX" rev="2">
<attrib name="value" value="40"/></item>
<item name="C" rev="2">
<attrib name="value" value="14"/></item>
<item name="C1" rev="2">
<attrib name="value" value="9"/></item>
<item name="C2" rev="2">
<attrib name="value" value="13"/></item>
<item name="C3" rev="2">
<attrib name="value" value="17"/></item>
<item name="C4" rev="2">
<attrib name="value" value="38"/></item>
<item name="C5" rev="2">
<attrib name="value" value="26"/></item>
<item name="C6" rev="2">
<attrib name="value" value="40"/></item>
<item name="CE" rev="2">
<attrib name="value" value="47"/></item>
<item name="CIN" rev="2">
<attrib name="value" value="20"/></item>
<item name="CLK" rev="2">
<attrib name="value" value="133"/></item>
<item name="CMUX" rev="2">
<attrib name="value" value="11"/></item>
<item name="COUT" rev="2">
<attrib name="value" value="16"/></item>
<item name="CQ" rev="2">
<attrib name="value" value="52"/></item>
<item name="CX" rev="2">
<attrib name="value" value="27"/></item>
<item name="D" rev="2">
<attrib name="value" value="14"/></item>
<item name="D1" rev="2">
<attrib name="value" value="8"/></item>
<item name="D2" rev="2">
<attrib name="value" value="13"/></item>
<item name="D3" rev="2">
<attrib name="value" value="18"/></item>
<item name="D4" rev="2">
<attrib name="value" value="40"/></item>
<item name="D5" rev="2">
<attrib name="value" value="24"/></item>
<item name="D6" rev="2">
<attrib name="value" value="37"/></item>
<item name="DMUX" rev="2">
<attrib name="value" value="11"/></item>
<item name="DQ" rev="2">
<attrib name="value" value="55"/></item>
<item name="DX" rev="2">
<attrib name="value" value="29"/></item>
<item name="SR" rev="2">
<attrib name="value" value="92"/></item>
</group>
<group name="SLICEM">
<item name="A" rev="2">
<attrib name="value" value="5"/></item>
<item name="A1" rev="2">
<attrib name="value" value="14"/></item>
<item name="A2" rev="2">
<attrib name="value" value="14"/></item>
<item name="A3" rev="2">
<attrib name="value" value="14"/></item>
<item name="A4" rev="2">
<attrib name="value" value="14"/></item>
<item name="A5" rev="2">
<attrib name="value" value="14"/></item>
<item name="A6" rev="2">
<attrib name="value" value="14"/></item>
<item name="AI" rev="2">
<attrib name="value" value="2"/></item>
<item name="AMUX" rev="2">
<attrib name="value" value="4"/></item>
<item name="AQ" rev="2">
<attrib name="value" value="1"/></item>
<item name="AX" rev="2">
<attrib name="value" value="13"/></item>
<item name="B" rev="2">
<attrib name="value" value="1"/></item>
<item name="B1" rev="2">
<attrib name="value" value="10"/></item>
<item name="B2" rev="2">
<attrib name="value" value="10"/></item>
<item name="B3" rev="2">
<attrib name="value" value="10"/></item>
<item name="B4" rev="2">
<attrib name="value" value="10"/></item>
<item name="B5" rev="2">
<attrib name="value" value="10"/></item>
<item name="B6" rev="2">
<attrib name="value" value="10"/></item>
<item name="BI" rev="2">
<attrib name="value" value="2"/></item>
<item name="BMUX" rev="2">
<attrib name="value" value="3"/></item>
<item name="BQ" rev="2">
<attrib name="value" value="1"/></item>
<item name="BX" rev="2">
<attrib name="value" value="7"/></item>
<item name="C" rev="2">
<attrib name="value" value="1"/></item>
<item name="C1" rev="2">
<attrib name="value" value="9"/></item>
<item name="C2" rev="2">
<attrib name="value" value="9"/></item>
<item name="C3" rev="2">
<attrib name="value" value="9"/></item>
<item name="C4" rev="2">
<attrib name="value" value="9"/></item>
<item name="C5" rev="2">
<attrib name="value" value="9"/></item>
<item name="C6" rev="2">
<attrib name="value" value="9"/></item>
<item name="CE" rev="2">
<attrib name="value" value="14"/></item>
<item name="CI" rev="2">
<attrib name="value" value="2"/></item>
<item name="CLK" rev="2">
<attrib name="value" value="14"/></item>
<item name="CMUX" rev="2">
<attrib name="value" value="2"/></item>
<item name="COUT" rev="2">
<attrib name="value" value="4"/></item>
<item name="CQ" rev="2">
<attrib name="value" value="1"/></item>
<item name="CX" rev="2">
<attrib name="value" value="8"/></item>
<item name="D1" rev="2">
<attrib name="value" value="8"/></item>
<item name="D2" rev="2">
<attrib name="value" value="8"/></item>
<item name="D3" rev="2">
<attrib name="value" value="8"/></item>
<item name="D4" rev="2">
<attrib name="value" value="8"/></item>
<item name="D5" rev="2">
<attrib name="value" value="8"/></item>
<item name="D6" rev="2">
<attrib name="value" value="8"/></item>
<item name="DI" rev="2">
<attrib name="value" value="8"/></item>
<item name="DMUX" rev="2">
<attrib name="value" value="11"/></item>
<item name="DQ" rev="2">
<attrib name="value" value="1"/></item>
<item name="DX" rev="2">
<attrib name="value" value="5"/></item>
</group>
<group name="IOB_OUTBUF">
<item name="IN" rev="2">
<attrib name="value" value="8"/></item>
<item name="OUT" rev="2">
<attrib name="value" value="8"/></item>
</group>
<group name="BSCAN">
<item name="DRCK" rev="2">
<attrib name="value" value="1"/></item>
<item name="SEL" rev="2">
<attrib name="value" value="1"/></item>
<item name="SHIFT" rev="2">
<attrib name="value" value="1"/></item>
<item name="TDI" rev="2">
<attrib name="value" value="1"/></item>
<item name="TDO" rev="2">
<attrib name="value" value="1"/></item>
<item name="UPDATE" rev="2">
<attrib name="value" value="1"/></item>
</group>
<group name="BUFG_BUFG">
<item name="I0" rev="2">
<attrib name="value" value="2"/></item>
<item name="O" rev="2">
<attrib name="value" value="2"/></item>
</group>
<group name="RAMB18E1_RAMB18E1">
<item name="ADDRARDADDR0" rev="2">
<attrib name="value" value="1"/></item>
<item name="ADDRARDADDR1" rev="2">
<attrib name="value" value="1"/></item>
<item name="ADDRARDADDR10" rev="2">
<attrib name="value" value="1"/></item>
<item name="ADDRARDADDR11" rev="2">
<attrib name="value" value="1"/></item>
<item name="ADDRARDADDR12" rev="2">
<attrib name="value" value="1"/></item>
<item name="ADDRARDADDR13" rev="2">
<attrib name="value" value="1"/></item>
<item name="ADDRARDADDR2" rev="2">
<attrib name="value" value="1"/></item>
<item name="ADDRARDADDR3" rev="2">
<attrib name="value" value="1"/></item>
<item name="ADDRARDADDR4" rev="2">
<attrib name="value" value="1"/></item>
<item name="ADDRARDADDR5" rev="2">
<attrib name="value" value="1"/></item>
<item name="ADDRARDADDR6" rev="2">
<attrib name="value" value="1"/></item>
<item name="ADDRARDADDR7" rev="2">
<attrib name="value" value="1"/></item>
<item name="ADDRARDADDR8" rev="2">
<attrib name="value" value="1"/></item>
<item name="ADDRARDADDR9" rev="2">
<attrib name="value" value="1"/></item>
<item name="ADDRATIEHIGH0" rev="2">
<attrib name="value" value="1"/></item>
<item name="ADDRATIEHIGH1" rev="2">
<attrib name="value" value="1"/></item>
<item name="ADDRBTIEHIGH0" rev="2">
<attrib name="value" value="1"/></item>
<item name="ADDRBTIEHIGH1" rev="2">
<attrib name="value" value="1"/></item>
<item name="ADDRBWRADDR0" rev="2">
<attrib name="value" value="1"/></item>
<item name="ADDRBWRADDR1" rev="2">
<attrib name="value" value="1"/></item>
<item name="ADDRBWRADDR10" rev="2">
<attrib name="value" value="1"/></item>
<item name="ADDRBWRADDR11" rev="2">
<attrib name="value" value="1"/></item>
<item name="ADDRBWRADDR12" rev="2">
<attrib name="value" value="1"/></item>
<item name="ADDRBWRADDR13" rev="2">
<attrib name="value" value="1"/></item>
<item name="ADDRBWRADDR2" rev="2">
<attrib name="value" value="1"/></item>
<item name="ADDRBWRADDR3" rev="2">
<attrib name="value" value="1"/></item>
<item name="ADDRBWRADDR4" rev="2">
<attrib name="value" value="1"/></item>
<item name="ADDRBWRADDR5" rev="2">
<attrib name="value" value="1"/></item>
<item name="ADDRBWRADDR6" rev="2">
<attrib name="value" value="1"/></item>
<item name="ADDRBWRADDR7" rev="2">
<attrib name="value" value="1"/></item>
<item name="ADDRBWRADDR8" rev="2">
<attrib name="value" value="1"/></item>
<item name="ADDRBWRADDR9" rev="2">
<attrib name="value" value="1"/></item>
<item name="CLKARDCLK" rev="2">
<attrib name="value" value="1"/></item>
<item name="CLKBWRCLK" rev="2">
<attrib name="value" value="1"/></item>
<item name="DIADI0" rev="2">
<attrib name="value" value="1"/></item>
<item name="DIADI1" rev="2">
<attrib name="value" value="1"/></item>
<item name="DIADI10" rev="2">
<attrib name="value" value="1"/></item>
<item name="DIADI11" rev="2">
<attrib name="value" value="1"/></item>
<item name="DIADI12" rev="2">
<attrib name="value" value="1"/></item>
<item name="DIADI13" rev="2">
<attrib name="value" value="1"/></item>
<item name="DIADI14" rev="2">
<attrib name="value" value="1"/></item>
<item name="DIADI15" rev="2">
<attrib name="value" value="1"/></item>
<item name="DIADI2" rev="2">
<attrib name="value" value="1"/></item>
<item name="DIADI3" rev="2">
<attrib name="value" value="1"/></item>
<item name="DIADI4" rev="2">
<attrib name="value" value="1"/></item>
<item name="DIADI5" rev="2">
<attrib name="value" value="1"/></item>
<item name="DIADI6" rev="2">
<attrib name="value" value="1"/></item>
<item name="DIADI7" rev="2">
<attrib name="value" value="1"/></item>
<item name="DIADI8" rev="2">
<attrib name="value" value="1"/></item>
<item name="DIADI9" rev="2">
<attrib name="value" value="1"/></item>
<item name="DIBDI0" rev="2">
<attrib name="value" value="1"/></item>
<item name="DIBDI1" rev="2">
<attrib name="value" value="1"/></item>
<item name="DIBDI10" rev="2">
<attrib name="value" value="1"/></item>
<item name="DIBDI11" rev="2">
<attrib name="value" value="1"/></item>
<item name="DIBDI12" rev="2">
<attrib name="value" value="1"/></item>
<item name="DIBDI13" rev="2">
<attrib name="value" value="1"/></item>
<item name="DIBDI14" rev="2">
<attrib name="value" value="1"/></item>
<item name="DIBDI15" rev="2">
<attrib name="value" value="1"/></item>
<item name="DIBDI2" rev="2">
<attrib name="value" value="1"/></item>
<item name="DIBDI3" rev="2">
<attrib name="value" value="1"/></item>
<item name="DIBDI4" rev="2">
<attrib name="value" value="1"/></item>
<item name="DIBDI5" rev="2">
<attrib name="value" value="1"/></item>
<item name="DIBDI6" rev="2">
<attrib name="value" value="1"/></item>
<item name="DIBDI7" rev="2">
<attrib name="value" value="1"/></item>
<item name="DIBDI8" rev="2">
<attrib name="value" value="1"/></item>
<item name="DIBDI9" rev="2">
<attrib name="value" value="1"/></item>
<item name="DIPADIP0" rev="2">
<attrib name="value" value="1"/></item>
<item name="DIPADIP1" rev="2">
<attrib name="value" value="1"/></item>
<item name="DIPBDIP0" rev="2">
<attrib name="value" value="1"/></item>
<item name="DIPBDIP1" rev="2">
<attrib name="value" value="1"/></item>
<item name="DOADO0" rev="2">
<attrib name="value" value="1"/></item>
<item name="DOADO1" rev="2">
<attrib name="value" value="1"/></item>
<item name="DOADO2" rev="2">
<attrib name="value" value="1"/></item>
<item name="DOADO3" rev="2">
<attrib name="value" value="1"/></item>
<item name="DOADO4" rev="2">
<attrib name="value" value="1"/></item>
<item name="DOADO5" rev="2">
<attrib name="value" value="1"/></item>
<item name="DOADO6" rev="2">
<attrib name="value" value="1"/></item>
<item name="DOADO7" rev="2">
<attrib name="value" value="1"/></item>
<item name="DOPADOP0" rev="2">
<attrib name="value" value="1"/></item>
<item name="ENARDEN" rev="2">
<attrib name="value" value="1"/></item>
<item name="ENBWREN" rev="2">
<attrib name="value" value="1"/></item>
<item name="REGCEAREGCE" rev="2">
<attrib name="value" value="1"/></item>
<item name="REGCEB" rev="2">
<attrib name="value" value="1"/></item>
<item name="REGCLKARDRCLK" rev="2">
<attrib name="value" value="1"/></item>
<item name="REGCLKB" rev="2">
<attrib name="value" value="1"/></item>
<item name="RSTRAMARSTRAM" rev="2">
<attrib name="value" value="1"/></item>
<item name="RSTRAMB" rev="2">
<attrib name="value" value="1"/></item>
<item name="RSTREGARSTREG" rev="2">
<attrib name="value" value="1"/></item>
<item name="RSTREGB" rev="2">
<attrib name="value" value="1"/></item>
<item name="WEA0" rev="2">
<attrib name="value" value="1"/></item>
<item name="WEA1" rev="2">
<attrib name="value" value="1"/></item>
<item name="WEA2" rev="2">
<attrib name="value" value="1"/></item>
<item name="WEA3" rev="2">
<attrib name="value" value="1"/></item>
<item name="WEBWE0" rev="2">
<attrib name="value" value="1"/></item>
<item name="WEBWE1" rev="2">
<attrib name="value" value="1"/></item>
<item name="WEBWE2" rev="2">
<attrib name="value" value="1"/></item>
<item name="WEBWE3" rev="2">
<attrib name="value" value="1"/></item>
<item name="WEBWE4" rev="2">
<attrib name="value" value="1"/></item>
<item name="WEBWE5" rev="2">
<attrib name="value" value="1"/></item>
<item name="WEBWE6" rev="2">
<attrib name="value" value="1"/></item>
<item name="WEBWE7" rev="2">
<attrib name="value" value="1"/></item>
</group>
<group name="PAD">
<item name="PAD" rev="2">
<attrib name="value" value="9"/></item>
</group>
<group name="BSCAN_BSCAN">
<item name="DRCK" rev="2">
<attrib name="value" value="1"/></item>
<item name="SEL" rev="2">
<attrib name="value" value="1"/></item>
<item name="SHIFT" rev="2">
<attrib name="value" value="1"/></item>
<item name="TDI" rev="2">
<attrib name="value" value="1"/></item>
<item name="TDO" rev="2">
<attrib name="value" value="1"/></item>
<item name="UPDATE" rev="2">
<attrib name="value" value="1"/></item>
</group>
<group name="IOB_INBUF">
<item name="OUT" rev="2">
<attrib name="value" value="1"/></item>
<item name="PAD" rev="2">
<attrib name="value" value="1"/></item>
</group>
<group name="CARRY4">
<item name="CIN" rev="2">
<attrib name="value" value="20"/></item>
<item name="CO0" rev="2">
<attrib name="value" value="5"/></item>
<item name="CO3" rev="2">
<attrib name="value" value="20"/></item>
<item name="CYINIT" rev="2">
<attrib name="value" value="13"/></item>
<item name="DI0" rev="2">
<attrib name="value" value="29"/></item>
<item name="DI1" rev="2">
<attrib name="value" value="23"/></item>
<item name="DI2" rev="2">
<attrib name="value" value="23"/></item>
<item name="DI3" rev="2">
<attrib name="value" value="20"/></item>
<item name="O0" rev="2">
<attrib name="value" value="23"/></item>
<item name="O1" rev="2">
<attrib name="value" value="23"/></item>
<item name="O2" rev="2">
<attrib name="value" value="18"/></item>
<item name="O3" rev="2">
<attrib name="value" value="18"/></item>
<item name="S0" rev="2">
<attrib name="value" value="33"/></item>
<item name="S1" rev="2">
<attrib name="value" value="28"/></item>
<item name="S2" rev="2">
<attrib name="value" value="23"/></item>
<item name="S3" rev="2">
<attrib name="value" value="23"/></item>
</group>
<group name="LUT5">
<item name="A1" rev="2">
<attrib name="value" value="17"/></item>
<item name="A2" rev="2">
<attrib name="value" value="28"/></item>
<item name="A3" rev="2">
<attrib name="value" value="20"/></item>
<item name="A4" rev="2">
<attrib name="value" value="18"/></item>
<item name="A5" rev="2">
<attrib name="value" value="51"/></item>
<item name="O5" rev="2">
<attrib name="value" value="128"/></item>
</group>
<group name="LUT6">
<item name="A1" rev="2">
<attrib name="value" value="33"/></item>
<item name="A2" rev="2">
<attrib name="value" value="49"/></item>
<item name="A3" rev="2">
<attrib name="value" value="85"/></item>
<item name="A4" rev="2">
<attrib name="value" value="192"/></item>
<item name="A5" rev="2">
<attrib name="value" value="114"/></item>
<item name="A6" rev="2">
<attrib name="value" value="194"/></item>
<item name="O6" rev="2">
<attrib name="value" value="207"/></item>
</group>
<group name="SELMUX2_1">
<item name="0" rev="2">
<attrib name="value" value="9"/></item>
<item name="1" rev="2">
<attrib name="value" value="9"/></item>
<item name="OUT" rev="2">
<attrib name="value" value="9"/></item>
<item name="S0" rev="2">
<attrib name="value" value="9"/></item>
</group>
<group name="STARTUP">
<item name="CFGMCLK" rev="2">
<attrib name="value" value="1"/></item>
<item name="CLK" rev="2">
<attrib name="value" value="1"/></item>
<item name="GSR" rev="2">
<attrib name="value" value="1"/></item>
<item name="GTS" rev="2">
<attrib name="value" value="1"/></item>
<item name="KEYCLEARB" rev="2">
<attrib name="value" value="1"/></item>
<item name="PACK" rev="2">
<attrib name="value" value="1"/></item>
<item name="USRCCLKO" rev="2">
<attrib name="value" value="1"/></item>
<item name="USRCCLKTS" rev="2">
<attrib name="value" value="1"/></item>
<item name="USRDONEO" rev="2">
<attrib name="value" value="1"/></item>
<item name="USRDONETS" rev="2">
<attrib name="value" value="1"/></item>
</group>
<group name="GTXE1">
<item name="CLKTESTSIG0" rev="2">
<attrib name="value" value="20"/></item>
<item name="CLKTESTSIG1" rev="2">
<attrib name="value" value="20"/></item>
<item name="DADDR0" rev="2">
<attrib name="value" value="20"/></item>
<item name="DADDR1" rev="2">
<attrib name="value" value="20"/></item>
<item name="DADDR2" rev="2">
<attrib name="value" value="20"/></item>
<item name="DADDR3" rev="2">
<attrib name="value" value="20"/></item>
<item name="DADDR4" rev="2">
<attrib name="value" value="20"/></item>
<item name="DADDR5" rev="2">
<attrib name="value" value="20"/></item>
<item name="DADDR6" rev="2">
<attrib name="value" value="20"/></item>
<item name="DADDR7" rev="2">
<attrib name="value" value="20"/></item>
<item name="DCLK" rev="2">
<attrib name="value" value="20"/></item>
<item name="DEN" rev="2">
<attrib name="value" value="20"/></item>
<item name="DFECLKDLYADJ0" rev="2">
<attrib name="value" value="20"/></item>
<item name="DFECLKDLYADJ1" rev="2">
<attrib name="value" value="20"/></item>
<item name="DFECLKDLYADJ2" rev="2">
<attrib name="value" value="20"/></item>
<item name="DFECLKDLYADJ3" rev="2">
<attrib name="value" value="20"/></item>
<item name="DFECLKDLYADJ4" rev="2">
<attrib name="value" value="20"/></item>
<item name="DFECLKDLYADJ5" rev="2">
<attrib name="value" value="20"/></item>
<item name="DFEDLYOVRD" rev="2">
<attrib name="value" value="20"/></item>
<item name="DFETAP10" rev="2">
<attrib name="value" value="20"/></item>
<item name="DFETAP11" rev="2">
<attrib name="value" value="20"/></item>
<item name="DFETAP12" rev="2">
<attrib name="value" value="20"/></item>
<item name="DFETAP13" rev="2">
<attrib name="value" value="20"/></item>
<item name="DFETAP14" rev="2">
<attrib name="value" value="20"/></item>
<item name="DFETAP20" rev="2">
<attrib name="value" value="20"/></item>
<item name="DFETAP21" rev="2">
<attrib name="value" value="20"/></item>
<item name="DFETAP22" rev="2">
<attrib name="value" value="20"/></item>
<item name="DFETAP23" rev="2">
<attrib name="value" value="20"/></item>
<item name="DFETAP24" rev="2">
<attrib name="value" value="20"/></item>
<item name="DFETAP30" rev="2">
<attrib name="value" value="20"/></item>
<item name="DFETAP31" rev="2">
<attrib name="value" value="20"/></item>
<item name="DFETAP32" rev="2">
<attrib name="value" value="20"/></item>
<item name="DFETAP33" rev="2">
<attrib name="value" value="20"/></item>
<item name="DFETAP40" rev="2">
<attrib name="value" value="20"/></item>
<item name="DFETAP41" rev="2">
<attrib name="value" value="20"/></item>
<item name="DFETAP42" rev="2">
<attrib name="value" value="20"/></item>
<item name="DFETAP43" rev="2">
<attrib name="value" value="20"/></item>
<item name="DFETAPOVRD" rev="2">
<attrib name="value" value="20"/></item>
<item name="DI0" rev="2">
<attrib name="value" value="20"/></item>
<item name="DI1" rev="2">
<attrib name="value" value="20"/></item>
<item name="DI10" rev="2">
<attrib name="value" value="20"/></item>
<item name="DI11" rev="2">
<attrib name="value" value="20"/></item>
<item name="DI12" rev="2">
<attrib name="value" value="20"/></item>
<item name="DI13" rev="2">
<attrib name="value" value="20"/></item>
<item name="DI14" rev="2">
<attrib name="value" value="20"/></item>
<item name="DI15" rev="2">
<attrib name="value" value="20"/></item>
<item name="DI2" rev="2">
<attrib name="value" value="20"/></item>
<item name="DI3" rev="2">
<attrib name="value" value="20"/></item>
<item name="DI4" rev="2">
<attrib name="value" value="20"/></item>
<item name="DI5" rev="2">
<attrib name="value" value="20"/></item>
<item name="DI6" rev="2">
<attrib name="value" value="20"/></item>
<item name="DI7" rev="2">
<attrib name="value" value="20"/></item>
<item name="DI8" rev="2">
<attrib name="value" value="20"/></item>
<item name="DI9" rev="2">
<attrib name="value" value="20"/></item>
<item name="DWE" rev="2">
<attrib name="value" value="20"/></item>
<item name="GATERXELECIDLE" rev="2">
<attrib name="value" value="20"/></item>
<item name="GTXRXRESET" rev="2">
<attrib name="value" value="20"/></item>
<item name="GTXTEST0" rev="2">
<attrib name="value" value="20"/></item>
<item name="GTXTEST1" rev="2">
<attrib name="value" value="20"/></item>
<item name="GTXTEST10" rev="2">
<attrib name="value" value="20"/></item>
<item name="GTXTEST11" rev="2">
<attrib name="value" value="20"/></item>
<item name="GTXTEST12" rev="2">
<attrib name="value" value="20"/></item>
<item name="GTXTEST2" rev="2">
<attrib name="value" value="20"/></item>
<item name="GTXTEST3" rev="2">
<attrib name="value" value="20"/></item>
<item name="GTXTEST4" rev="2">
<attrib name="value" value="20"/></item>
<item name="GTXTEST5" rev="2">
<attrib name="value" value="20"/></item>
<item name="GTXTEST6" rev="2">
<attrib name="value" value="20"/></item>
<item name="GTXTEST7" rev="2">
<attrib name="value" value="20"/></item>
<item name="GTXTEST8" rev="2">
<attrib name="value" value="20"/></item>
<item name="GTXTEST9" rev="2">
<attrib name="value" value="20"/></item>
<item name="GTXTXRESET" rev="2">
<attrib name="value" value="20"/></item>
<item name="IGNORESIGDET" rev="2">
<attrib name="value" value="20"/></item>
<item name="LOOPBACK0" rev="2">
<attrib name="value" value="20"/></item>
<item name="LOOPBACK1" rev="2">
<attrib name="value" value="20"/></item>
<item name="LOOPBACK2" rev="2">
<attrib name="value" value="20"/></item>
<item name="PLLRXRESET" rev="2">
<attrib name="value" value="20"/></item>
<item name="PLLTXRESET" rev="2">
<attrib name="value" value="20"/></item>
<item name="PRBSCNTRESET" rev="2">
<attrib name="value" value="20"/></item>
<item name="RXBUFRESET" rev="2">
<attrib name="value" value="20"/></item>
<item name="RXCDRRESET" rev="2">
<attrib name="value" value="20"/></item>
<item name="RXCHBONDI0" rev="2">
<attrib name="value" value="20"/></item>
<item name="RXCHBONDI1" rev="2">
<attrib name="value" value="20"/></item>
<item name="RXCHBONDI2" rev="2">
<attrib name="value" value="20"/></item>
<item name="RXCHBONDI3" rev="2">
<attrib name="value" value="20"/></item>
<item name="RXCHBONDLEVEL0" rev="2">
<attrib name="value" value="20"/></item>
<item name="RXCHBONDLEVEL1" rev="2">
<attrib name="value" value="20"/></item>
<item name="RXCHBONDLEVEL2" rev="2">
<attrib name="value" value="20"/></item>
<item name="RXCHBONDMASTER" rev="2">
<attrib name="value" value="20"/></item>
<item name="RXCHBONDSLAVE" rev="2">
<attrib name="value" value="20"/></item>
<item name="RXCOMMADETUSE" rev="2">
<attrib name="value" value="20"/></item>
<item name="RXDEC8B10BUSE" rev="2">
<attrib name="value" value="20"/></item>
<item name="RXDLYALIGNDISABLE" rev="2">
<attrib name="value" value="20"/></item>
<item name="RXDLYALIGNMONENB" rev="2">
<attrib name="value" value="20"/></item>
<item name="RXDLYALIGNOVERRIDE" rev="2">
<attrib name="value" value="20"/></item>
<item name="RXDLYALIGNRESET" rev="2">
<attrib name="value" value="20"/></item>
<item name="RXDLYALIGNSWPPRECURB" rev="2">
<attrib name="value" value="20"/></item>
<item name="RXDLYALIGNUPDSW" rev="2">
<attrib name="value" value="20"/></item>
<item name="RXENCHANSYNC" rev="2">
<attrib name="value" value="20"/></item>
<item name="RXENMCOMMAALIGN" rev="2">
<attrib name="value" value="20"/></item>
<item name="RXENPCOMMAALIGN" rev="2">
<attrib name="value" value="20"/></item>
<item name="RXENPMAPHASEALIGN" rev="2">
<attrib name="value" value="20"/></item>
<item name="RXENPRBSTST0" rev="2">
<attrib name="value" value="20"/></item>
<item name="RXENPRBSTST1" rev="2">
<attrib name="value" value="20"/></item>
<item name="RXENPRBSTST2" rev="2">
<attrib name="value" value="20"/></item>
<item name="RXENSAMPLEALIGN" rev="2">
<attrib name="value" value="20"/></item>
<item name="RXEQMIX0" rev="2">
<attrib name="value" value="20"/></item>
<item name="RXEQMIX1" rev="2">
<attrib name="value" value="20"/></item>
<item name="RXEQMIX2" rev="2">
<attrib name="value" value="20"/></item>
<item name="RXEQMIX3" rev="2">
<attrib name="value" value="20"/></item>
<item name="RXEQMIX4" rev="2">
<attrib name="value" value="20"/></item>
<item name="RXEQMIX5" rev="2">
<attrib name="value" value="20"/></item>
<item name="RXEQMIX6" rev="2">
<attrib name="value" value="20"/></item>
<item name="RXEQMIX7" rev="2">
<attrib name="value" value="20"/></item>
<item name="RXEQMIX8" rev="2">
<attrib name="value" value="20"/></item>
<item name="RXEQMIX9" rev="2">
<attrib name="value" value="20"/></item>
<item name="RXGEARBOXSLIP" rev="2">
<attrib name="value" value="20"/></item>
<item name="RXPLLLKDETEN" rev="2">
<attrib name="value" value="20"/></item>
<item name="RXPLLPOWERDOWN" rev="2">
<attrib name="value" value="20"/></item>
<item name="RXPLLREFSELDY0" rev="2">
<attrib name="value" value="20"/></item>
<item name="RXPLLREFSELDY1" rev="2">
<attrib name="value" value="20"/></item>
<item name="RXPLLREFSELDY2" rev="2">
<attrib name="value" value="20"/></item>
<item name="RXPMASETPHASE" rev="2">
<attrib name="value" value="20"/></item>
<item name="RXPOLARITY" rev="2">
<attrib name="value" value="20"/></item>
<item name="RXPOWERDOWN0" rev="2">
<attrib name="value" value="20"/></item>
<item name="RXPOWERDOWN1" rev="2">
<attrib name="value" value="20"/></item>
<item name="RXRATE0" rev="2">
<attrib name="value" value="20"/></item>
<item name="RXRATE1" rev="2">
<attrib name="value" value="20"/></item>
<item name="RXRESET" rev="2">
<attrib name="value" value="20"/></item>
<item name="RXSLIDE" rev="2">
<attrib name="value" value="20"/></item>
<item name="RXUSRCLK" rev="2">
<attrib name="value" value="20"/></item>
<item name="RXUSRCLK2" rev="2">
<attrib name="value" value="20"/></item>
<item name="TSTCLK0" rev="2">
<attrib name="value" value="20"/></item>
<item name="TSTCLK1" rev="2">
<attrib name="value" value="20"/></item>
<item name="TSTIN0" rev="2">
<attrib name="value" value="20"/></item>
<item name="TSTIN1" rev="2">
<attrib name="value" value="20"/></item>
<item name="TSTIN10" rev="2">
<attrib name="value" value="20"/></item>
<item name="TSTIN11" rev="2">
<attrib name="value" value="20"/></item>
<item name="TSTIN12" rev="2">
<attrib name="value" value="20"/></item>
<item name="TSTIN13" rev="2">
<attrib name="value" value="20"/></item>
<item name="TSTIN14" rev="2">
<attrib name="value" value="20"/></item>
<item name="TSTIN15" rev="2">
<attrib name="value" value="20"/></item>
<item name="TSTIN16" rev="2">
<attrib name="value" value="20"/></item>
<item name="TSTIN17" rev="2">
<attrib name="value" value="20"/></item>
<item name="TSTIN18" rev="2">
<attrib name="value" value="20"/></item>
<item name="TSTIN19" rev="2">
<attrib name="value" value="20"/></item>
<item name="TSTIN2" rev="2">
<attrib name="value" value="20"/></item>
<item name="TSTIN3" rev="2">
<attrib name="value" value="20"/></item>
<item name="TSTIN4" rev="2">
<attrib name="value" value="20"/></item>
<item name="TSTIN5" rev="2">
<attrib name="value" value="20"/></item>
<item name="TSTIN6" rev="2">
<attrib name="value" value="20"/></item>
<item name="TSTIN7" rev="2">
<attrib name="value" value="20"/></item>
<item name="TSTIN8" rev="2">
<attrib name="value" value="20"/></item>
<item name="TSTIN9" rev="2">
<attrib name="value" value="20"/></item>
<item name="TXBUFDIFFCTRL0" rev="2">
<attrib name="value" value="20"/></item>
<item name="TXBUFDIFFCTRL1" rev="2">
<attrib name="value" value="20"/></item>
<item name="TXBUFDIFFCTRL2" rev="2">
<attrib name="value" value="20"/></item>
<item name="TXBYPASS8B10B0" rev="2">
<attrib name="value" value="20"/></item>
<item name="TXBYPASS8B10B1" rev="2">
<attrib name="value" value="20"/></item>
<item name="TXBYPASS8B10B2" rev="2">
<attrib name="value" value="20"/></item>
<item name="TXBYPASS8B10B3" rev="2">
<attrib name="value" value="20"/></item>
<item name="TXCHARDISPMODE0" rev="2">
<attrib name="value" value="20"/></item>
<item name="TXCHARDISPMODE1" rev="2">
<attrib name="value" value="20"/></item>
<item name="TXCHARDISPMODE2" rev="2">
<attrib name="value" value="20"/></item>
<item name="TXCHARDISPMODE3" rev="2">
<attrib name="value" value="20"/></item>
<item name="TXCHARDISPVAL0" rev="2">
<attrib name="value" value="20"/></item>
<item name="TXCHARDISPVAL1" rev="2">
<attrib name="value" value="20"/></item>
<item name="TXCHARDISPVAL2" rev="2">
<attrib name="value" value="20"/></item>
<item name="TXCHARDISPVAL3" rev="2">
<attrib name="value" value="20"/></item>
<item name="TXCHARISK0" rev="2">
<attrib name="value" value="20"/></item>
<item name="TXCHARISK1" rev="2">
<attrib name="value" value="20"/></item>
<item name="TXCHARISK2" rev="2">
<attrib name="value" value="20"/></item>
<item name="TXCHARISK3" rev="2">
<attrib name="value" value="20"/></item>
<item name="TXCOMINIT" rev="2">
<attrib name="value" value="20"/></item>
<item name="TXCOMSAS" rev="2">
<attrib name="value" value="20"/></item>
<item name="TXCOMWAKE" rev="2">
<attrib name="value" value="20"/></item>
<item name="TXDATA0" rev="2">
<attrib name="value" value="20"/></item>
<item name="TXDATA1" rev="2">
<attrib name="value" value="20"/></item>
<item name="TXDATA10" rev="2">
<attrib name="value" value="20"/></item>
<item name="TXDATA11" rev="2">
<attrib name="value" value="20"/></item>
<item name="TXDATA12" rev="2">
<attrib name="value" value="20"/></item>
<item name="TXDATA13" rev="2">
<attrib name="value" value="20"/></item>
<item name="TXDATA14" rev="2">
<attrib name="value" value="20"/></item>
<item name="TXDATA15" rev="2">
<attrib name="value" value="20"/></item>
<item name="TXDATA16" rev="2">
<attrib name="value" value="20"/></item>
<item name="TXDATA17" rev="2">
<attrib name="value" value="20"/></item>
<item name="TXDATA18" rev="2">
<attrib name="value" value="20"/></item>
<item name="TXDATA19" rev="2">
<attrib name="value" value="20"/></item>
<item name="TXDATA2" rev="2">
<attrib name="value" value="20"/></item>
<item name="TXDATA20" rev="2">
<attrib name="value" value="20"/></item>
<item name="TXDATA21" rev="2">
<attrib name="value" value="20"/></item>
<item name="TXDATA22" rev="2">
<attrib name="value" value="20"/></item>
<item name="TXDATA23" rev="2">
<attrib name="value" value="20"/></item>
<item name="TXDATA24" rev="2">
<attrib name="value" value="20"/></item>
<item name="TXDATA25" rev="2">
<attrib name="value" value="20"/></item>
<item name="TXDATA26" rev="2">
<attrib name="value" value="20"/></item>
<item name="TXDATA27" rev="2">
<attrib name="value" value="20"/></item>
<item name="TXDATA28" rev="2">
<attrib name="value" value="20"/></item>
<item name="TXDATA29" rev="2">
<attrib name="value" value="20"/></item>
<item name="TXDATA3" rev="2">
<attrib name="value" value="20"/></item>
<item name="TXDATA30" rev="2">
<attrib name="value" value="20"/></item>
<item name="TXDATA31" rev="2">
<attrib name="value" value="20"/></item>
<item name="TXDATA4" rev="2">
<attrib name="value" value="20"/></item>
<item name="TXDATA5" rev="2">
<attrib name="value" value="20"/></item>
<item name="TXDATA6" rev="2">
<attrib name="value" value="20"/></item>
<item name="TXDATA7" rev="2">
<attrib name="value" value="20"/></item>
<item name="TXDATA8" rev="2">
<attrib name="value" value="20"/></item>
<item name="TXDATA9" rev="2">
<attrib name="value" value="20"/></item>
<item name="TXDEEMPH" rev="2">
<attrib name="value" value="20"/></item>
<item name="TXDETECTRX" rev="2">
<attrib name="value" value="20"/></item>
<item name="TXDIFFCTRL0" rev="2">
<attrib name="value" value="20"/></item>
<item name="TXDIFFCTRL1" rev="2">
<attrib name="value" value="20"/></item>
<item name="TXDIFFCTRL2" rev="2">
<attrib name="value" value="20"/></item>
<item name="TXDIFFCTRL3" rev="2">
<attrib name="value" value="20"/></item>
<item name="TXDLYALIGNDISABLE" rev="2">
<attrib name="value" value="20"/></item>
<item name="TXDLYALIGNMONENB" rev="2">
<attrib name="value" value="20"/></item>
<item name="TXDLYALIGNOVERRIDE" rev="2">
<attrib name="value" value="20"/></item>
<item name="TXDLYALIGNRESET" rev="2">
<attrib name="value" value="20"/></item>
<item name="TXDLYALIGNUPDSW" rev="2">
<attrib name="value" value="20"/></item>
<item name="TXELECIDLE" rev="2">
<attrib name="value" value="20"/></item>
<item name="TXENC8B10BUSE" rev="2">
<attrib name="value" value="20"/></item>
<item name="TXENPMAPHASEALIGN" rev="2">
<attrib name="value" value="20"/></item>
<item name="TXENPRBSTST0" rev="2">
<attrib name="value" value="20"/></item>
<item name="TXENPRBSTST1" rev="2">
<attrib name="value" value="20"/></item>
<item name="TXENPRBSTST2" rev="2">
<attrib name="value" value="20"/></item>
<item name="TXHEADER0" rev="2">
<attrib name="value" value="20"/></item>
<item name="TXHEADER1" rev="2">
<attrib name="value" value="20"/></item>
<item name="TXHEADER2" rev="2">
<attrib name="value" value="20"/></item>
<item name="TXINHIBIT" rev="2">
<attrib name="value" value="20"/></item>
<item name="TXMARGIN0" rev="2">
<attrib name="value" value="20"/></item>
<item name="TXMARGIN1" rev="2">
<attrib name="value" value="20"/></item>
<item name="TXMARGIN2" rev="2">
<attrib name="value" value="20"/></item>
<item name="TXPDOWNASYNCH" rev="2">
<attrib name="value" value="20"/></item>
<item name="TXPLLLKDETEN" rev="2">
<attrib name="value" value="20"/></item>
<item name="TXPLLPOWERDOWN" rev="2">
<attrib name="value" value="20"/></item>
<item name="TXPLLREFSELDY0" rev="2">
<attrib name="value" value="20"/></item>
<item name="TXPLLREFSELDY1" rev="2">
<attrib name="value" value="20"/></item>
<item name="TXPLLREFSELDY2" rev="2">
<attrib name="value" value="20"/></item>
<item name="TXPMASETPHASE" rev="2">
<attrib name="value" value="20"/></item>
<item name="TXPOLARITY" rev="2">
<attrib name="value" value="20"/></item>
<item name="TXPOSTEMPHASIS0" rev="2">
<attrib name="value" value="20"/></item>
<item name="TXPOSTEMPHASIS1" rev="2">
<attrib name="value" value="20"/></item>
<item name="TXPOSTEMPHASIS2" rev="2">
<attrib name="value" value="20"/></item>
<item name="TXPOSTEMPHASIS3" rev="2">
<attrib name="value" value="20"/></item>
<item name="TXPOSTEMPHASIS4" rev="2">
<attrib name="value" value="20"/></item>
<item name="TXPOWERDOWN0" rev="2">
<attrib name="value" value="20"/></item>
<item name="TXPOWERDOWN1" rev="2">
<attrib name="value" value="20"/></item>
<item name="TXPRBSFORCEERR" rev="2">
<attrib name="value" value="20"/></item>
<item name="TXPREEMPHASIS0" rev="2">
<attrib name="value" value="20"/></item>
<item name="TXPREEMPHASIS1" rev="2">
<attrib name="value" value="20"/></item>
<item name="TXPREEMPHASIS2" rev="2">
<attrib name="value" value="20"/></item>
<item name="TXPREEMPHASIS3" rev="2">
<attrib name="value" value="20"/></item>
<item name="TXRATE0" rev="2">
<attrib name="value" value="20"/></item>
<item name="TXRATE1" rev="2">
<attrib name="value" value="20"/></item>
<item name="TXRESET" rev="2">
<attrib name="value" value="20"/></item>
<item name="TXSEQUENCE0" rev="2">
<attrib name="value" value="20"/></item>
<item name="TXSEQUENCE1" rev="2">
<attrib name="value" value="20"/></item>
<item name="TXSEQUENCE2" rev="2">
<attrib name="value" value="20"/></item>
<item name="TXSEQUENCE3" rev="2">
<attrib name="value" value="20"/></item>
<item name="TXSEQUENCE4" rev="2">
<attrib name="value" value="20"/></item>
<item name="TXSEQUENCE5" rev="2">
<attrib name="value" value="20"/></item>
<item name="TXSEQUENCE6" rev="2">
<attrib name="value" value="20"/></item>
<item name="TXSTARTSEQ" rev="2">
<attrib name="value" value="20"/></item>
<item name="TXSWING" rev="2">
<attrib name="value" value="20"/></item>
<item name="TXUSRCLK" rev="2">
<attrib name="value" value="20"/></item>
<item name="TXUSRCLK2" rev="2">
<attrib name="value" value="20"/></item>
<item name="USRCODEERR" rev="2">
<attrib name="value" value="20"/></item>
</group>
<group name="RAMB18E1">
<item name="ADDRARDADDR0" rev="2">
<attrib name="value" value="1"/></item>
<item name="ADDRARDADDR1" rev="2">
<attrib name="value" value="1"/></item>
<item name="ADDRARDADDR10" rev="2">
<attrib name="value" value="1"/></item>
<item name="ADDRARDADDR11" rev="2">
<attrib name="value" value="1"/></item>
<item name="ADDRARDADDR12" rev="2">
<attrib name="value" value="1"/></item>
<item name="ADDRARDADDR13" rev="2">
<attrib name="value" value="1"/></item>
<item name="ADDRARDADDR2" rev="2">
<attrib name="value" value="1"/></item>
<item name="ADDRARDADDR3" rev="2">
<attrib name="value" value="1"/></item>
<item name="ADDRARDADDR4" rev="2">
<attrib name="value" value="1"/></item>
<item name="ADDRARDADDR5" rev="2">
<attrib name="value" value="1"/></item>
<item name="ADDRARDADDR6" rev="2">
<attrib name="value" value="1"/></item>
<item name="ADDRARDADDR7" rev="2">
<attrib name="value" value="1"/></item>
<item name="ADDRARDADDR8" rev="2">
<attrib name="value" value="1"/></item>
<item name="ADDRARDADDR9" rev="2">
<attrib name="value" value="1"/></item>
<item name="ADDRATIEHIGH0" rev="2">
<attrib name="value" value="1"/></item>
<item name="ADDRATIEHIGH1" rev="2">
<attrib name="value" value="1"/></item>
<item name="ADDRBTIEHIGH0" rev="2">
<attrib name="value" value="1"/></item>
<item name="ADDRBTIEHIGH1" rev="2">
<attrib name="value" value="1"/></item>
<item name="ADDRBWRADDR0" rev="2">
<attrib name="value" value="1"/></item>
<item name="ADDRBWRADDR1" rev="2">
<attrib name="value" value="1"/></item>
<item name="ADDRBWRADDR10" rev="2">
<attrib name="value" value="1"/></item>
<item name="ADDRBWRADDR11" rev="2">
<attrib name="value" value="1"/></item>
<item name="ADDRBWRADDR12" rev="2">
<attrib name="value" value="1"/></item>
<item name="ADDRBWRADDR13" rev="2">
<attrib name="value" value="1"/></item>
<item name="ADDRBWRADDR2" rev="2">
<attrib name="value" value="1"/></item>
<item name="ADDRBWRADDR3" rev="2">
<attrib name="value" value="1"/></item>
<item name="ADDRBWRADDR4" rev="2">
<attrib name="value" value="1"/></item>
<item name="ADDRBWRADDR5" rev="2">
<attrib name="value" value="1"/></item>
<item name="ADDRBWRADDR6" rev="2">
<attrib name="value" value="1"/></item>
<item name="ADDRBWRADDR7" rev="2">
<attrib name="value" value="1"/></item>
<item name="ADDRBWRADDR8" rev="2">
<attrib name="value" value="1"/></item>
<item name="ADDRBWRADDR9" rev="2">
<attrib name="value" value="1"/></item>
<item name="CLKARDCLK" rev="2">
<attrib name="value" value="1"/></item>
<item name="CLKBWRCLK" rev="2">
<attrib name="value" value="1"/></item>
<item name="DIADI0" rev="2">
<attrib name="value" value="1"/></item>
<item name="DIADI1" rev="2">
<attrib name="value" value="1"/></item>
<item name="DIADI10" rev="2">
<attrib name="value" value="1"/></item>
<item name="DIADI11" rev="2">
<attrib name="value" value="1"/></item>
<item name="DIADI12" rev="2">
<attrib name="value" value="1"/></item>
<item name="DIADI13" rev="2">
<attrib name="value" value="1"/></item>
<item name="DIADI14" rev="2">
<attrib name="value" value="1"/></item>
<item name="DIADI15" rev="2">
<attrib name="value" value="1"/></item>
<item name="DIADI2" rev="2">
<attrib name="value" value="1"/></item>
<item name="DIADI3" rev="2">
<attrib name="value" value="1"/></item>
<item name="DIADI4" rev="2">
<attrib name="value" value="1"/></item>
<item name="DIADI5" rev="2">
<attrib name="value" value="1"/></item>
<item name="DIADI6" rev="2">
<attrib name="value" value="1"/></item>
<item name="DIADI7" rev="2">
<attrib name="value" value="1"/></item>
<item name="DIADI8" rev="2">
<attrib name="value" value="1"/></item>
<item name="DIADI9" rev="2">
<attrib name="value" value="1"/></item>
<item name="DIBDI0" rev="2">
<attrib name="value" value="1"/></item>
<item name="DIBDI1" rev="2">
<attrib name="value" value="1"/></item>
<item name="DIBDI10" rev="2">
<attrib name="value" value="1"/></item>
<item name="DIBDI11" rev="2">
<attrib name="value" value="1"/></item>
<item name="DIBDI12" rev="2">
<attrib name="value" value="1"/></item>
<item name="DIBDI13" rev="2">
<attrib name="value" value="1"/></item>
<item name="DIBDI14" rev="2">
<attrib name="value" value="1"/></item>
<item name="DIBDI15" rev="2">
<attrib name="value" value="1"/></item>
<item name="DIBDI2" rev="2">
<attrib name="value" value="1"/></item>
<item name="DIBDI3" rev="2">
<attrib name="value" value="1"/></item>
<item name="DIBDI4" rev="2">
<attrib name="value" value="1"/></item>
<item name="DIBDI5" rev="2">
<attrib name="value" value="1"/></item>
<item name="DIBDI6" rev="2">
<attrib name="value" value="1"/></item>
<item name="DIBDI7" rev="2">
<attrib name="value" value="1"/></item>
<item name="DIBDI8" rev="2">
<attrib name="value" value="1"/></item>
<item name="DIBDI9" rev="2">
<attrib name="value" value="1"/></item>
<item name="DIPADIP0" rev="2">
<attrib name="value" value="1"/></item>
<item name="DIPADIP1" rev="2">
<attrib name="value" value="1"/></item>
<item name="DIPBDIP0" rev="2">
<attrib name="value" value="1"/></item>
<item name="DIPBDIP1" rev="2">
<attrib name="value" value="1"/></item>
<item name="DOADO0" rev="2">
<attrib name="value" value="1"/></item>
<item name="DOADO1" rev="2">
<attrib name="value" value="1"/></item>
<item name="DOADO2" rev="2">
<attrib name="value" value="1"/></item>
<item name="DOADO3" rev="2">
<attrib name="value" value="1"/></item>
<item name="DOADO4" rev="2">
<attrib name="value" value="1"/></item>
<item name="DOADO5" rev="2">
<attrib name="value" value="1"/></item>
<item name="DOADO6" rev="2">
<attrib name="value" value="1"/></item>
<item name="DOADO7" rev="2">
<attrib name="value" value="1"/></item>
<item name="DOPADOP0" rev="2">
<attrib name="value" value="1"/></item>
<item name="ENARDEN" rev="2">
<attrib name="value" value="1"/></item>
<item name="ENBWREN" rev="2">
<attrib name="value" value="1"/></item>
<item name="REGCEAREGCE" rev="2">
<attrib name="value" value="1"/></item>
<item name="REGCEB" rev="2">
<attrib name="value" value="1"/></item>
<item name="REGCLKARDRCLK" rev="2">
<attrib name="value" value="1"/></item>
<item name="REGCLKB" rev="2">
<attrib name="value" value="1"/></item>
<item name="RSTRAMARSTRAM" rev="2">
<attrib name="value" value="1"/></item>
<item name="RSTRAMB" rev="2">
<attrib name="value" value="1"/></item>
<item name="RSTREGARSTREG" rev="2">
<attrib name="value" value="1"/></item>
<item name="RSTREGB" rev="2">
<attrib name="value" value="1"/></item>
<item name="WEA0" rev="2">
<attrib name="value" value="1"/></item>
<item name="WEA1" rev="2">
<attrib name="value" value="1"/></item>
<item name="WEA2" rev="2">
<attrib name="value" value="1"/></item>
<item name="WEA3" rev="2">
<attrib name="value" value="1"/></item>
<item name="WEBWE0" rev="2">
<attrib name="value" value="1"/></item>
<item name="WEBWE1" rev="2">
<attrib name="value" value="1"/></item>
<item name="WEBWE2" rev="2">
<attrib name="value" value="1"/></item>
<item name="WEBWE3" rev="2">
<attrib name="value" value="1"/></item>
<item name="WEBWE4" rev="2">
<attrib name="value" value="1"/></item>
<item name="WEBWE5" rev="2">
<attrib name="value" value="1"/></item>
<item name="WEBWE6" rev="2">
<attrib name="value" value="1"/></item>
<item name="WEBWE7" rev="2">
<attrib name="value" value="1"/></item>
</group>
<group name="GTXE1_GTXE1">
<item name="CLKTESTSIG0" rev="2">
<attrib name="value" value="20"/></item>
<item name="CLKTESTSIG1" rev="2">
<attrib name="value" value="20"/></item>
<item name="DADDR0" rev="2">
<attrib name="value" value="20"/></item>
<item name="DADDR1" rev="2">
<attrib name="value" value="20"/></item>
<item name="DADDR2" rev="2">
<attrib name="value" value="20"/></item>
<item name="DADDR3" rev="2">
<attrib name="value" value="20"/></item>
<item name="DADDR4" rev="2">
<attrib name="value" value="20"/></item>
<item name="DADDR5" rev="2">
<attrib name="value" value="20"/></item>
<item name="DADDR6" rev="2">
<attrib name="value" value="20"/></item>
<item name="DADDR7" rev="2">
<attrib name="value" value="20"/></item>
<item name="DCLK" rev="2">
<attrib name="value" value="20"/></item>
<item name="DEN" rev="2">
<attrib name="value" value="20"/></item>
<item name="DFECLKDLYADJ0" rev="2">
<attrib name="value" value="20"/></item>
<item name="DFECLKDLYADJ1" rev="2">
<attrib name="value" value="20"/></item>
<item name="DFECLKDLYADJ2" rev="2">
<attrib name="value" value="20"/></item>
<item name="DFECLKDLYADJ3" rev="2">
<attrib name="value" value="20"/></item>
<item name="DFECLKDLYADJ4" rev="2">
<attrib name="value" value="20"/></item>
<item name="DFECLKDLYADJ5" rev="2">
<attrib name="value" value="20"/></item>
<item name="DFEDLYOVRD" rev="2">
<attrib name="value" value="20"/></item>
<item name="DFETAP10" rev="2">
<attrib name="value" value="20"/></item>
<item name="DFETAP11" rev="2">
<attrib name="value" value="20"/></item>
<item name="DFETAP12" rev="2">
<attrib name="value" value="20"/></item>
<item name="DFETAP13" rev="2">
<attrib name="value" value="20"/></item>
<item name="DFETAP14" rev="2">
<attrib name="value" value="20"/></item>
<item name="DFETAP20" rev="2">
<attrib name="value" value="20"/></item>
<item name="DFETAP21" rev="2">
<attrib name="value" value="20"/></item>
<item name="DFETAP22" rev="2">
<attrib name="value" value="20"/></item>
<item name="DFETAP23" rev="2">
<attrib name="value" value="20"/></item>
<item name="DFETAP24" rev="2">
<attrib name="value" value="20"/></item>
<item name="DFETAP30" rev="2">
<attrib name="value" value="20"/></item>
<item name="DFETAP31" rev="2">
<attrib name="value" value="20"/></item>
<item name="DFETAP32" rev="2">
<attrib name="value" value="20"/></item>
<item name="DFETAP33" rev="2">
<attrib name="value" value="20"/></item>
<item name="DFETAP40" rev="2">
<attrib name="value" value="20"/></item>
<item name="DFETAP41" rev="2">
<attrib name="value" value="20"/></item>
<item name="DFETAP42" rev="2">
<attrib name="value" value="20"/></item>
<item name="DFETAP43" rev="2">
<attrib name="value" value="20"/></item>
<item name="DFETAPOVRD" rev="2">
<attrib name="value" value="20"/></item>
<item name="DI0" rev="2">
<attrib name="value" value="20"/></item>
<item name="DI1" rev="2">
<attrib name="value" value="20"/></item>
<item name="DI10" rev="2">
<attrib name="value" value="20"/></item>
<item name="DI11" rev="2">
<attrib name="value" value="20"/></item>
<item name="DI12" rev="2">
<attrib name="value" value="20"/></item>
<item name="DI13" rev="2">
<attrib name="value" value="20"/></item>
<item name="DI14" rev="2">
<attrib name="value" value="20"/></item>
<item name="DI15" rev="2">
<attrib name="value" value="20"/></item>
<item name="DI2" rev="2">
<attrib name="value" value="20"/></item>
<item name="DI3" rev="2">
<attrib name="value" value="20"/></item>
<item name="DI4" rev="2">
<attrib name="value" value="20"/></item>
<item name="DI5" rev="2">
<attrib name="value" value="20"/></item>
<item name="DI6" rev="2">
<attrib name="value" value="20"/></item>
<item name="DI7" rev="2">
<attrib name="value" value="20"/></item>
<item name="DI8" rev="2">
<attrib name="value" value="20"/></item>
<item name="DI9" rev="2">
<attrib name="value" value="20"/></item>
<item name="DWE" rev="2">
<attrib name="value" value="20"/></item>
<item name="GATERXELECIDLE" rev="2">
<attrib name="value" value="20"/></item>
<item name="GTXRXRESET" rev="2">
<attrib name="value" value="20"/></item>
<item name="GTXTEST0" rev="2">
<attrib name="value" value="20"/></item>
<item name="GTXTEST1" rev="2">
<attrib name="value" value="20"/></item>
<item name="GTXTEST10" rev="2">
<attrib name="value" value="20"/></item>
<item name="GTXTEST11" rev="2">
<attrib name="value" value="20"/></item>
<item name="GTXTEST12" rev="2">
<attrib name="value" value="20"/></item>
<item name="GTXTEST2" rev="2">
<attrib name="value" value="20"/></item>
<item name="GTXTEST3" rev="2">
<attrib name="value" value="20"/></item>
<item name="GTXTEST4" rev="2">
<attrib name="value" value="20"/></item>
<item name="GTXTEST5" rev="2">
<attrib name="value" value="20"/></item>
<item name="GTXTEST6" rev="2">
<attrib name="value" value="20"/></item>
<item name="GTXTEST7" rev="2">
<attrib name="value" value="20"/></item>
<item name="GTXTEST8" rev="2">
<attrib name="value" value="20"/></item>
<item name="GTXTEST9" rev="2">
<attrib name="value" value="20"/></item>
<item name="GTXTXRESET" rev="2">
<attrib name="value" value="20"/></item>
<item name="IGNORESIGDET" rev="2">
<attrib name="value" value="20"/></item>
<item name="LOOPBACK0" rev="2">
<attrib name="value" value="20"/></item>
<item name="LOOPBACK1" rev="2">
<attrib name="value" value="20"/></item>
<item name="LOOPBACK2" rev="2">
<attrib name="value" value="20"/></item>
<item name="PLLRXRESET" rev="2">
<attrib name="value" value="20"/></item>
<item name="PLLTXRESET" rev="2">
<attrib name="value" value="20"/></item>
<item name="PRBSCNTRESET" rev="2">
<attrib name="value" value="20"/></item>
<item name="RXBUFRESET" rev="2">
<attrib name="value" value="20"/></item>
<item name="RXCDRRESET" rev="2">
<attrib name="value" value="20"/></item>
<item name="RXCHBONDI0" rev="2">
<attrib name="value" value="20"/></item>
<item name="RXCHBONDI1" rev="2">
<attrib name="value" value="20"/></item>
<item name="RXCHBONDI2" rev="2">
<attrib name="value" value="20"/></item>
<item name="RXCHBONDI3" rev="2">
<attrib name="value" value="20"/></item>
<item name="RXCHBONDLEVEL0" rev="2">
<attrib name="value" value="20"/></item>
<item name="RXCHBONDLEVEL1" rev="2">
<attrib name="value" value="20"/></item>
<item name="RXCHBONDLEVEL2" rev="2">
<attrib name="value" value="20"/></item>
<item name="RXCHBONDMASTER" rev="2">
<attrib name="value" value="20"/></item>
<item name="RXCHBONDSLAVE" rev="2">
<attrib name="value" value="20"/></item>
<item name="RXCOMMADETUSE" rev="2">
<attrib name="value" value="20"/></item>
<item name="RXDEC8B10BUSE" rev="2">
<attrib name="value" value="20"/></item>
<item name="RXDLYALIGNDISABLE" rev="2">
<attrib name="value" value="20"/></item>
<item name="RXDLYALIGNMONENB" rev="2">
<attrib name="value" value="20"/></item>
<item name="RXDLYALIGNOVERRIDE" rev="2">
<attrib name="value" value="20"/></item>
<item name="RXDLYALIGNRESET" rev="2">
<attrib name="value" value="20"/></item>
<item name="RXDLYALIGNSWPPRECURB" rev="2">
<attrib name="value" value="20"/></item>
<item name="RXDLYALIGNUPDSW" rev="2">
<attrib name="value" value="20"/></item>
<item name="RXENCHANSYNC" rev="2">
<attrib name="value" value="20"/></item>
<item name="RXENMCOMMAALIGN" rev="2">
<attrib name="value" value="20"/></item>
<item name="RXENPCOMMAALIGN" rev="2">
<attrib name="value" value="20"/></item>
<item name="RXENPMAPHASEALIGN" rev="2">
<attrib name="value" value="20"/></item>
<item name="RXENPRBSTST0" rev="2">
<attrib name="value" value="20"/></item>
<item name="RXENPRBSTST1" rev="2">
<attrib name="value" value="20"/></item>
<item name="RXENPRBSTST2" rev="2">
<attrib name="value" value="20"/></item>
<item name="RXENSAMPLEALIGN" rev="2">
<attrib name="value" value="20"/></item>
<item name="RXEQMIX0" rev="2">
<attrib name="value" value="20"/></item>
<item name="RXEQMIX1" rev="2">
<attrib name="value" value="20"/></item>
<item name="RXEQMIX2" rev="2">
<attrib name="value" value="20"/></item>
<item name="RXEQMIX3" rev="2">
<attrib name="value" value="20"/></item>
<item name="RXEQMIX4" rev="2">
<attrib name="value" value="20"/></item>
<item name="RXEQMIX5" rev="2">
<attrib name="value" value="20"/></item>
<item name="RXEQMIX6" rev="2">
<attrib name="value" value="20"/></item>
<item name="RXEQMIX7" rev="2">
<attrib name="value" value="20"/></item>
<item name="RXEQMIX8" rev="2">
<attrib name="value" value="20"/></item>
<item name="RXEQMIX9" rev="2">
<attrib name="value" value="20"/></item>
<item name="RXGEARBOXSLIP" rev="2">
<attrib name="value" value="20"/></item>
<item name="RXPLLLKDETEN" rev="2">
<attrib name="value" value="20"/></item>
<item name="RXPLLPOWERDOWN" rev="2">
<attrib name="value" value="20"/></item>
<item name="RXPLLREFSELDY0" rev="2">
<attrib name="value" value="20"/></item>
<item name="RXPLLREFSELDY1" rev="2">
<attrib name="value" value="20"/></item>
<item name="RXPLLREFSELDY2" rev="2">
<attrib name="value" value="20"/></item>
<item name="RXPMASETPHASE" rev="2">
<attrib name="value" value="20"/></item>
<item name="RXPOLARITY" rev="2">
<attrib name="value" value="20"/></item>
<item name="RXPOWERDOWN0" rev="2">
<attrib name="value" value="20"/></item>
<item name="RXPOWERDOWN1" rev="2">
<attrib name="value" value="20"/></item>
<item name="RXRATE0" rev="2">
<attrib name="value" value="20"/></item>
<item name="RXRATE1" rev="2">
<attrib name="value" value="20"/></item>
<item name="RXRESET" rev="2">
<attrib name="value" value="20"/></item>
<item name="RXSLIDE" rev="2">
<attrib name="value" value="20"/></item>
<item name="RXUSRCLK" rev="2">
<attrib name="value" value="20"/></item>
<item name="RXUSRCLK2" rev="2">
<attrib name="value" value="20"/></item>
<item name="TSTCLK0" rev="2">
<attrib name="value" value="20"/></item>
<item name="TSTCLK1" rev="2">
<attrib name="value" value="20"/></item>
<item name="TSTIN0" rev="2">
<attrib name="value" value="20"/></item>
<item name="TSTIN1" rev="2">
<attrib name="value" value="20"/></item>
<item name="TSTIN10" rev="2">
<attrib name="value" value="20"/></item>
<item name="TSTIN11" rev="2">
<attrib name="value" value="20"/></item>
<item name="TSTIN12" rev="2">
<attrib name="value" value="20"/></item>
<item name="TSTIN13" rev="2">
<attrib name="value" value="20"/></item>
<item name="TSTIN14" rev="2">
<attrib name="value" value="20"/></item>
<item name="TSTIN15" rev="2">
<attrib name="value" value="20"/></item>
<item name="TSTIN16" rev="2">
<attrib name="value" value="20"/></item>
<item name="TSTIN17" rev="2">
<attrib name="value" value="20"/></item>
<item name="TSTIN18" rev="2">
<attrib name="value" value="20"/></item>
<item name="TSTIN19" rev="2">
<attrib name="value" value="20"/></item>
<item name="TSTIN2" rev="2">
<attrib name="value" value="20"/></item>
<item name="TSTIN3" rev="2">
<attrib name="value" value="20"/></item>
<item name="TSTIN4" rev="2">
<attrib name="value" value="20"/></item>
<item name="TSTIN5" rev="2">
<attrib name="value" value="20"/></item>
<item name="TSTIN6" rev="2">
<attrib name="value" value="20"/></item>
<item name="TSTIN7" rev="2">
<attrib name="value" value="20"/></item>
<item name="TSTIN8" rev="2">
<attrib name="value" value="20"/></item>
<item name="TSTIN9" rev="2">
<attrib name="value" value="20"/></item>
<item name="TXBUFDIFFCTRL0" rev="2">
<attrib name="value" value="20"/></item>
<item name="TXBUFDIFFCTRL1" rev="2">
<attrib name="value" value="20"/></item>
<item name="TXBUFDIFFCTRL2" rev="2">
<attrib name="value" value="20"/></item>
<item name="TXBYPASS8B10B0" rev="2">
<attrib name="value" value="20"/></item>
<item name="TXBYPASS8B10B1" rev="2">
<attrib name="value" value="20"/></item>
<item name="TXBYPASS8B10B2" rev="2">
<attrib name="value" value="20"/></item>
<item name="TXBYPASS8B10B3" rev="2">
<attrib name="value" value="20"/></item>
<item name="TXCHARDISPMODE0" rev="2">
<attrib name="value" value="20"/></item>
<item name="TXCHARDISPMODE1" rev="2">
<attrib name="value" value="20"/></item>
<item name="TXCHARDISPMODE2" rev="2">
<attrib name="value" value="20"/></item>
<item name="TXCHARDISPMODE3" rev="2">
<attrib name="value" value="20"/></item>
<item name="TXCHARDISPVAL0" rev="2">
<attrib name="value" value="20"/></item>
<item name="TXCHARDISPVAL1" rev="2">
<attrib name="value" value="20"/></item>
<item name="TXCHARDISPVAL2" rev="2">
<attrib name="value" value="20"/></item>
<item name="TXCHARDISPVAL3" rev="2">
<attrib name="value" value="20"/></item>
<item name="TXCHARISK0" rev="2">
<attrib name="value" value="20"/></item>
<item name="TXCHARISK1" rev="2">
<attrib name="value" value="20"/></item>
<item name="TXCHARISK2" rev="2">
<attrib name="value" value="20"/></item>
<item name="TXCHARISK3" rev="2">
<attrib name="value" value="20"/></item>
<item name="TXCOMINIT" rev="2">
<attrib name="value" value="20"/></item>
<item name="TXCOMSAS" rev="2">
<attrib name="value" value="20"/></item>
<item name="TXCOMWAKE" rev="2">
<attrib name="value" value="20"/></item>
<item name="TXDATA0" rev="2">
<attrib name="value" value="20"/></item>
<item name="TXDATA1" rev="2">
<attrib name="value" value="20"/></item>
<item name="TXDATA10" rev="2">
<attrib name="value" value="20"/></item>
<item name="TXDATA11" rev="2">
<attrib name="value" value="20"/></item>
<item name="TXDATA12" rev="2">
<attrib name="value" value="20"/></item>
<item name="TXDATA13" rev="2">
<attrib name="value" value="20"/></item>
<item name="TXDATA14" rev="2">
<attrib name="value" value="20"/></item>
<item name="TXDATA15" rev="2">
<attrib name="value" value="20"/></item>
<item name="TXDATA16" rev="2">
<attrib name="value" value="20"/></item>
<item name="TXDATA17" rev="2">
<attrib name="value" value="20"/></item>
<item name="TXDATA18" rev="2">
<attrib name="value" value="20"/></item>
<item name="TXDATA19" rev="2">
<attrib name="value" value="20"/></item>
<item name="TXDATA2" rev="2">
<attrib name="value" value="20"/></item>
<item name="TXDATA20" rev="2">
<attrib name="value" value="20"/></item>
<item name="TXDATA21" rev="2">
<attrib name="value" value="20"/></item>
<item name="TXDATA22" rev="2">
<attrib name="value" value="20"/></item>
<item name="TXDATA23" rev="2">
<attrib name="value" value="20"/></item>
<item name="TXDATA24" rev="2">
<attrib name="value" value="20"/></item>
<item name="TXDATA25" rev="2">
<attrib name="value" value="20"/></item>
<item name="TXDATA26" rev="2">
<attrib name="value" value="20"/></item>
<item name="TXDATA27" rev="2">
<attrib name="value" value="20"/></item>
<item name="TXDATA28" rev="2">
<attrib name="value" value="20"/></item>
<item name="TXDATA29" rev="2">
<attrib name="value" value="20"/></item>
<item name="TXDATA3" rev="2">
<attrib name="value" value="20"/></item>
<item name="TXDATA30" rev="2">
<attrib name="value" value="20"/></item>
<item name="TXDATA31" rev="2">
<attrib name="value" value="20"/></item>
<item name="TXDATA4" rev="2">
<attrib name="value" value="20"/></item>
<item name="TXDATA5" rev="2">
<attrib name="value" value="20"/></item>
<item name="TXDATA6" rev="2">
<attrib name="value" value="20"/></item>
<item name="TXDATA7" rev="2">
<attrib name="value" value="20"/></item>
<item name="TXDATA8" rev="2">
<attrib name="value" value="20"/></item>
<item name="TXDATA9" rev="2">
<attrib name="value" value="20"/></item>
<item name="TXDEEMPH" rev="2">
<attrib name="value" value="20"/></item>
<item name="TXDETECTRX" rev="2">
<attrib name="value" value="20"/></item>
<item name="TXDIFFCTRL0" rev="2">
<attrib name="value" value="20"/></item>
<item name="TXDIFFCTRL1" rev="2">
<attrib name="value" value="20"/></item>
<item name="TXDIFFCTRL2" rev="2">
<attrib name="value" value="20"/></item>
<item name="TXDIFFCTRL3" rev="2">
<attrib name="value" value="20"/></item>
<item name="TXDLYALIGNDISABLE" rev="2">
<attrib name="value" value="20"/></item>
<item name="TXDLYALIGNMONENB" rev="2">
<attrib name="value" value="20"/></item>
<item name="TXDLYALIGNOVERRIDE" rev="2">
<attrib name="value" value="20"/></item>
<item name="TXDLYALIGNRESET" rev="2">
<attrib name="value" value="20"/></item>
<item name="TXDLYALIGNUPDSW" rev="2">
<attrib name="value" value="20"/></item>
<item name="TXELECIDLE" rev="2">
<attrib name="value" value="20"/></item>
<item name="TXENC8B10BUSE" rev="2">
<attrib name="value" value="20"/></item>
<item name="TXENPMAPHASEALIGN" rev="2">
<attrib name="value" value="20"/></item>
<item name="TXENPRBSTST0" rev="2">
<attrib name="value" value="20"/></item>
<item name="TXENPRBSTST1" rev="2">
<attrib name="value" value="20"/></item>
<item name="TXENPRBSTST2" rev="2">
<attrib name="value" value="20"/></item>
<item name="TXHEADER0" rev="2">
<attrib name="value" value="20"/></item>
<item name="TXHEADER1" rev="2">
<attrib name="value" value="20"/></item>
<item name="TXHEADER2" rev="2">
<attrib name="value" value="20"/></item>
<item name="TXINHIBIT" rev="2">
<attrib name="value" value="20"/></item>
<item name="TXMARGIN0" rev="2">
<attrib name="value" value="20"/></item>
<item name="TXMARGIN1" rev="2">
<attrib name="value" value="20"/></item>
<item name="TXMARGIN2" rev="2">
<attrib name="value" value="20"/></item>
<item name="TXPDOWNASYNCH" rev="2">
<attrib name="value" value="20"/></item>
<item name="TXPLLLKDETEN" rev="2">
<attrib name="value" value="20"/></item>
<item name="TXPLLPOWERDOWN" rev="2">
<attrib name="value" value="20"/></item>
<item name="TXPLLREFSELDY0" rev="2">
<attrib name="value" value="20"/></item>
<item name="TXPLLREFSELDY1" rev="2">
<attrib name="value" value="20"/></item>
<item name="TXPLLREFSELDY2" rev="2">
<attrib name="value" value="20"/></item>
<item name="TXPMASETPHASE" rev="2">
<attrib name="value" value="20"/></item>
<item name="TXPOLARITY" rev="2">
<attrib name="value" value="20"/></item>
<item name="TXPOSTEMPHASIS0" rev="2">
<attrib name="value" value="20"/></item>
<item name="TXPOSTEMPHASIS1" rev="2">
<attrib name="value" value="20"/></item>
<item name="TXPOSTEMPHASIS2" rev="2">
<attrib name="value" value="20"/></item>
<item name="TXPOSTEMPHASIS3" rev="2">
<attrib name="value" value="20"/></item>
<item name="TXPOSTEMPHASIS4" rev="2">
<attrib name="value" value="20"/></item>
<item name="TXPOWERDOWN0" rev="2">
<attrib name="value" value="20"/></item>
<item name="TXPOWERDOWN1" rev="2">
<attrib name="value" value="20"/></item>
<item name="TXPRBSFORCEERR" rev="2">
<attrib name="value" value="20"/></item>
<item name="TXPREEMPHASIS0" rev="2">
<attrib name="value" value="20"/></item>
<item name="TXPREEMPHASIS1" rev="2">
<attrib name="value" value="20"/></item>
<item name="TXPREEMPHASIS2" rev="2">
<attrib name="value" value="20"/></item>
<item name="TXPREEMPHASIS3" rev="2">
<attrib name="value" value="20"/></item>
<item name="TXRATE0" rev="2">
<attrib name="value" value="20"/></item>
<item name="TXRATE1" rev="2">
<attrib name="value" value="20"/></item>
<item name="TXRESET" rev="2">
<attrib name="value" value="20"/></item>
<item name="TXSEQUENCE0" rev="2">
<attrib name="value" value="20"/></item>
<item name="TXSEQUENCE1" rev="2">
<attrib name="value" value="20"/></item>
<item name="TXSEQUENCE2" rev="2">
<attrib name="value" value="20"/></item>
<item name="TXSEQUENCE3" rev="2">
<attrib name="value" value="20"/></item>
<item name="TXSEQUENCE4" rev="2">
<attrib name="value" value="20"/></item>
<item name="TXSEQUENCE5" rev="2">
<attrib name="value" value="20"/></item>
<item name="TXSEQUENCE6" rev="2">
<attrib name="value" value="20"/></item>
<item name="TXSTARTSEQ" rev="2">
<attrib name="value" value="20"/></item>
<item name="TXSWING" rev="2">
<attrib name="value" value="20"/></item>
<item name="TXUSRCLK" rev="2">
<attrib name="value" value="20"/></item>
<item name="TXUSRCLK2" rev="2">
<attrib name="value" value="20"/></item>
<item name="USRCODEERR" rev="2">
<attrib name="value" value="20"/></item>
</group>
<group name="IOB">
<item name="I" rev="2">
<attrib name="value" value="1"/></item>
<item name="O" rev="2">
<attrib name="value" value="8"/></item>
<item name="PAD" rev="2">
<attrib name="value" value="9"/></item>
</group>
<group name="FF_INIT">
<item name="CE" rev="2">
<attrib name="value" value="9"/></item>
<item name="CK" rev="2">
<attrib name="value" value="52"/></item>
<item name="D" rev="2">
<attrib name="value" value="52"/></item>
<item name="Q" rev="2">
<attrib name="value" value="52"/></item>
<item name="SR" rev="2">
<attrib name="value" value="23"/></item>
</group>
<group name="HARD0">
<item name="0" rev="2">
<attrib name="value" value="1"/></item>
</group>
<group name="HARD1">
<item name="1" rev="2">
<attrib name="value" value="12"/></item>
</group>
<group name="BUFG">
<item name="I0" rev="2">
<attrib name="value" value="2"/></item>
<item name="O" rev="2">
<attrib name="value" value="2"/></item>
</group>
</ReportPinData>
<CmdHistory>
</CmdHistory>
</DeviceUsageSummary>
